"time","wallTime","wc2.P.x [m]","wc2.P.v [m/s]","wc2.P.F [N]","wc1.P.x [m]","wc1.P.v [m/s]","wc1.P.F [N]"
0,2.2767e-05,0,0,0,0,0,0
0.0005,1.62534,0,0,0,0,0,0
0.002,1.62648,0,0,0,0,0,0
0.004,1.62769,0,0,0,0,0,0
0.006,1.62893,0,0,0,0,0,0
0.008,1.63009,0,0,0,0,0,0
0.01,1.63123,0,0,0,0,0,0
0.012,1.63244,0,0,0,0,0,0
0.014,1.63358,0,0,0,0,0,0
0.016,1.63482,0,0,0,0,0,0
0.018,1.63602,0,0,0,0,0,0
0.02,1.63715,0,0,0,0,0,0
0.022,1.63835,0,0,0,0,0,0
0.024,1.63957,0,0,0,0,0,0
0.026,1.64127,0,0,0,0,0,0
0.028,1.64275,0,0,0,0,0,0
0.03,1.64419,0,0,0,0,0,0
0.032,1.64521,0,0,0,0,0,0
0.034,1.64621,0,0,0,0,0,0
0.036,1.64718,0,0,0,0,0,0
0.038,1.64828,0,0,0,0,0,0
0.04,1.64936,0,0,0,0,0,0
0.042,1.65056,0,0,0,0,0,0
0.044,1.65174,0,0,0,0,0,0
0.046,1.6529,0,0,0,0,0,0
0.048,1.65407,0,0,0,0,0,0
0.05,1.65521,0,0,0,0,0,0
0.052,1.65642,0,0,0,0,0,0
0.054,1.65759,0,0,0,0,0,0
0.056,1.65878,0,0,0,0,0,0
0.058,1.65999,0,0,0,0,0,0
0.06,1.66122,0,0,0,0,0,0
0.062,1.66244,0,0,0,0,0,0
0.064,1.66379,0,0,0,0,0,0
0.066,1.66502,0,0,0,0,0,0
0.068,1.66622,0,0,0,0,0,0
0.07,1.66743,0,0,0,0,0,0
0.072,1.66871,0,0,0,0,0,0
0.074,1.66994,0,0,0,0,0,0
0.076,1.67116,0,0,0,0,0,0
0.078,1.67243,0,0,0,0,0,0
0.08,1.6737,0,0,0,0,0,0
0.082,1.67496,0,0,0,0,0,0
0.084,1.67626,0,0,0,0,0,0
0.086,1.67752,0,0,0,0,0,0
0.088,1.67888,0,0,0,0,0,0
0.09,1.68017,0,0,0,0,0,0
0.092,1.68146,0,0,0,0,0,0
0.094,1.68276,0,0,0,0,0,0
0.096,1.68416,0,0,0,0,0,0
0.098,1.68549,0,0,0,0,0,0
0.1,1.68687,0,0,0,0,0,0
0.102,1.68826,0,0,0,2.5e-06,0.0099975,-0.099975
0.104,1.6897,0,2.5e-07,0.224773,3.74625e-05,0.0299376,-0.349363
0.106,1.69113,2.56112e-09,4.18328e-06,0.617209,0.000112243,0.0497904,-0.735024
0.108,1.69253,1.79589e-08,1.54506e-05,1.16542,0.000226648,0.0695288,-1.28412
0.11,1.69395,6.33224e-08,3.72725e-05,1.8678,0.000380425,0.089122,-1.99151
0.112,1.69542,1.6214e-07,7.28078e-05,2.72763,0.000573262,0.108539,-2.85197
0.114,1.69691,3.44158e-07,0.000125159,3.74291,0.000804783,0.12775,-3.86369
0.116,1.69839,6.453e-07,0.000197382,4.90931,0.00107455,0.146724,-5.02698
0.118,1.69989,1.10758e-06,0.000292495,6.22367,0.00138207,0.165431,-6.34037
0.12,1.70142,1.77903e-06,0.000413473,7.68431,0.00172679,0.183842,-7.80043
0.122,1.70295,2.71358e-06,0.000563237,9.28918,0.0021081,0.201929,-9.40357
0.124,1.70451,3.97095e-06,0.000744646,11.0351,0.00252531,0.219662,-11.1469
0.126,1.70606,5.61653e-06,0.000960492,12.9182,0.00297771,0.237016,-13.0276
0.128,1.70787,7.72125e-06,0.0012135,14.9349,0.00346452,0.253962,-15.0421
0.13,1.71001,1.03614e-05,0.00150631,17.0816,0.0039849,0.270476,-17.1866
0.132,1.71209,1.36186e-05,0.0018415,19.3545,0.00453796,0.286531,-19.4569
0.134,1.71405,1.75795e-05,0.00222156,21.7493,0.00512278,0.302104,-21.8488
0.136,1.71606,2.23355e-05,0.00264886,24.2615,0.00573837,0.317172,-24.3581
0.138,1.71801,2.7983e-05,0.00312573,26.8864,0.0063837,0.33171,-26.9801
0.14,1.7201,3.46226e-05,0.00365434,29.6194,0.0070577,0.345699,-29.71
0.142,1.72198,4.23596e-05,0.00423682,32.4553,0.00775926,0.359117,-32.5427
0.144,1.72387,5.13031e-05,0.00487514,35.3892,0.00848721,0.371945,-35.4732
0.146,1.72559,6.15663e-05,0.0055712,38.4155,0.00924036,0.384165,-38.496
0.148,1.72741,7.32659e-05,0.00632676,41.5289,0.0100175,0.395758,-41.6059
0.15,1.72924,8.65223e-05,0.00714347,44.7237,0.0108173,0.40671,-44.7971
0.152,1.7311,0.000101459,0.00802288,47.9941,0.0116386,0.417004,-48.0638
0.154,1.73294,0.000118202,0.00896639,51.3344,0.0124799,0.426627,-51.4002
0.156,1.73482,0.000136881,0.00997528,54.7384,0.01334,0.435566,-54.8004
0.158,1.73666,0.000157628,0.0110507,58.2001,0.0142174,0.443809,-58.2581
0.16,1.73863,0.000180576,0.0121937,61.7133,0.0151108,0.451347,-61.7674
0.162,1.74051,0.000205861,0.0134052,65.2718,0.0160187,0.45817,-65.3218
0.164,1.74242,0.000233621,0.0146859,68.8691,0.0169397,0.46427,-68.915
0.166,1.74426,0.000263995,0.0160365,72.499,0.0178724,0.469641,-72.5408
0.168,1.74619,0.000297123,0.0174575,76.1549,0.0188153,0.474279,-76.1925
0.17,1.7478,0.000333146,0.0189491,79.8304,0.0197669,0.478178,-79.8639
0.172,1.74969,0.000372205,0.0205117,83.519,0.0207257,0.481336,-83.5483
0.174,1.7515,0.000414442,0.0221453,87.2142,0.0216903,0.483753,-87.2393
0.176,1.75335,0.00046,0.0238498,90.9095,0.0226592,0.485427,-90.9304
0.178,1.75532,0.00050902,0.0256251,94.5984,0.0236309,0.486361,-94.6152
0.18,1.75742,0.000561644,0.0274708,98.2744,0.0246038,0.486557,-98.287
0.182,1.75928,0.000618011,0.0293864,101.931,0.0255767,0.486018,-101.94
0.184,1.76122,0.000678262,0.0313713,105.562,0.0265479,0.484751,-105.566
0.186,1.76316,0.000742534,0.0334249,109.161,0.027516,0.482761,-109.161
0.188,1.7651,0.000810964,0.0355461,112.722,0.0284796,0.480056,-112.718
0.19,1.76717,0.000883687,0.037734,116.238,0.0294372,0.476645,-116.23
0.192,1.76911,0.000960835,0.0399874,119.703,0.0303876,0.472539,-119.691
0.194,1.77118,0.00104254,0.042305,123.112,0.0313292,0.467747,-123.096
0.196,1.77327,0.00112892,0.0446856,126.458,0.0322607,0.462284,-126.439
0.198,1.7753,0.00122012,0.0471274,129.736,0.0331807,0.456162,-129.713
0.2,1.77739,0.00131624,0.0496288,132.94,0.0340881,0.449397,-132.914
0.202,1.77947,0.00141741,0.0521882,136.065,0.0349814,0.442005,-136.035
0.204,1.78156,0.00152374,0.0548035,139.105,0.0358595,0.434001,-139.071
0.206,1.78368,0.00163534,0.0574729,142.055,0.0367212,0.425405,-142.018
0.208,1.78578,0.00175232,0.0601941,144.911,0.0375652,0.416235,-144.87
0.21,1.78789,0.00187477,0.0629649,147.666,0.0383905,0.406512,-147.622
0.212,1.78998,0.00200281,0.0657831,150.317,0.0391959,0.396255,-150.27
0.214,1.79221,0.00213652,0.0686462,152.859,0.0399804,0.385488,-152.809
0.216,1.79438,0.00227598,0.0715516,155.288,0.040743,0.374232,-155.235
0.218,1.79647,0.00242129,0.0744969,157.599,0.0414827,0.362511,-157.544
0.22,1.79876,0.00257251,0.0774792,159.79,0.0421987,0.35035,-159.732
0.222,1.80097,0.00272973,0.0804958,161.856,0.04289,0.337772,-161.796
0.224,1.80311,0.002893,0.0835439,163.794,0.0435559,0.324805,-163.732
0.226,1.80548,0.00306239,0.0866205,165.601,0.0441956,0.311473,-165.536
0.228,1.80775,0.00323796,0.0897227,167.273,0.0448083,0.297805,-167.207
0.23,1.81002,0.00341974,0.0928473,168.809,0.0453935,0.283827,-168.741
0.232,1.81226,0.00360779,0.0959914,170.205,0.0459505,0.269566,-170.136
0.234,1.81454,0.00380214,0.0991516,171.461,0.0464788,0.255053,-171.39
0.236,1.81684,0.00400282,0.102325,172.573,0.0469779,0.240314,-172.5
0.238,1.8191,0.00420986,0.105508,173.539,0.0474473,0.225379,-173.466
0.24,1.82139,0.00442327,0.108698,174.36,0.0478868,0.210278,-174.286
0.242,1.82369,0.00464306,0.11189,175.033,0.0482959,0.195039,-174.958
0.244,1.82603,0.00486923,0.115083,175.558,0.0486745,0.179693,-175.482
0.246,1.82845,0.00510179,0.118272,175.934,0.0490223,0.164269,-175.857
0.248,1.83082,0.00534072,0.121454,176.16,0.0493393,0.148797,-176.083
0.25,1.83322,0.00558601,0.124626,176.237,0.0496253,0.133308,-176.16
0.252,1.83561,0.00583764,0.127785,176.165,0.0498803,0.11783,-176.088
0.254,1.83807,0.00609556,0.130926,175.944,0.0501043,0.102394,-175.867
0.256,1.84076,0.00635976,0.134048,175.575,0.0502976,0.0870287,-175.498
0.258,1.84322,0.00663018,0.137145,175.059,0.0504602,0.0717645,-174.983
0.26,1.84584,0.00690678,0.140216,174.397,0.0505923,0.05663,-174.321
0.262,1.8482,0.0071895,0.143256,173.591,0.0506943,0.0416543,-173.516
0.264,1.85049,0.00747827,0.146263,172.642,0.0507665,0.0268657,-172.568
0.266,1.853,0.00777303,0.149234,171.553,0.0508093,0.0122925,-171.48
0.268,1.85544,0.0080737,0.152164,170.325,0.0508231,-0.00203778,-170.254
0.27,1.85793,0.00838021,0.155052,168.962,0.0508084,-0.0160979,-168.892
0.272,1.86042,0.00869245,0.157893,167.465,0.0507658,-0.0298612,-167.397
0.274,1.86283,0.00901034,0.160686,165.839,0.050696,-0.0433018,-165.772
0.276,1.86536,0.00933377,0.163426,164.085,0.0505995,-0.0563942,-164.021
0.278,1.86794,0.00966265,0.166112,162.208,0.0504771,-0.0691137,-162.146
0.28,1.87039,0.00999685,0.16874,160.212,0.0503296,-0.0814363,-160.151
0.282,1.91633,0.0103363,0.171308,158.099,0.0501577,-0.0933388,-158.04
0.284,1.91824,0.0106808,0.173813,155.874,0.0499624,-0.104799,-155.818
0.286,1.92193,0.0110302,0.176252,153.541,0.0497445,-0.115795,-153.488
0.288,1.92654,0.0113845,0.178623,151.105,0.0495049,-0.126306,-151.055
0.29,1.93095,0.0117435,0.180924,148.57,0.0492447,-0.136313,-148.522
0.292,1.93534,0.012107,0.183153,145.942,0.0489649,-0.145796,-145.897
0.294,1.9397,0.012475,0.185307,143.224,0.0486665,-0.154738,-143.182
0.296,1.94388,0.0128472,0.187384,140.422,0.0483507,-0.163123,-140.383
0.298,1.94816,0.0132234,0.189382,137.541,0.0480185,-0.170933,-137.505
0.3,1.9525,0.0136037,0.1913,134.587,0.0476711,-0.178155,-134.554
0.302,1.9568,0.0139876,0.193136,131.565,0.0473097,-0.184776,-131.536
0.304,1.96182,0.0143752,0.194888,128.481,0.0469356,-0.190781,-128.455
0.306,1.96628,0.0147663,0.196555,125.34,0.0465499,-0.196161,-125.317
0.308,1.9708,0.0151606,0.198135,122.148,0.0461539,-0.200904,-122.128
0.31,1.97535,0.015558,0.199628,118.911,0.0457489,-0.205002,-118.895
0.312,1.97987,0.0159583,0.201032,115.635,0.0453362,-0.208448,-115.622
0.314,1.98444,0.0163614,0.202346,112.325,0.0449171,-0.211233,-112.316
0.316,1.98903,0.016767,0.203569,108.989,0.044493,-0.213354,-108.983
0.318,1.99362,0.017175,0.204701,105.632,0.0440651,-0.214805,-105.63
0.32,1.99813,0.0175852,0.205741,102.259,0.0436348,-0.215584,-102.261
0.322,2.00283,0.0179974,0.206689,98.8784,0.0432034,-0.215689,-98.8838
0.324,2.00751,0.0184114,0.207545,95.4948,0.0427723,-0.21512,-95.5039
0.326,2.01231,0.0188271,0.208308,92.1148,0.0423429,-0.213876,-92.1275
0.328,2.01677,0.0192443,0.208978,88.7444,0.0419165,-0.21196,-88.7608
0.33,2.02072,0.0196627,0.209555,85.3899,0.0414944,-0.209376,-85.4098
0.332,2.02434,0.0200821,0.21004,82.0571,0.041078,-0.206126,-82.0806
0.334,2.06754,0.0205025,0.210433,78.7522,0.0406686,-0.202218,-78.7792
0.336,2.08184,0.0209236,0.210734,75.4811,0.0402675,-0.197657,-75.5116
0.338,2.09365,0.0213453,0.210945,72.2497,0.039876,-0.192452,-72.2837
0.34,2.10436,0.0217673,0.211066,69.0637,0.0394953,-0.186611,-69.1012
0.342,2.1109,0.0221894,0.211097,65.9291,0.0391269,-0.180146,-65.9698
0.344,2.11587,0.0226116,0.211041,62.8512,0.0387718,-0.173066,-62.8953
0.346,2.12017,0.0230336,0.210897,59.8357,0.0384313,-0.165385,-59.883
0.348,2.12398,0.0234552,0.210667,56.888,0.0381067,-0.157116,-56.9384
0.35,2.12751,0.0238763,0.210354,54.0134,0.037799,-0.148274,-54.0668
0.352,2.13076,0.0242968,0.209957,51.2169,0.0375094,-0.138874,-51.2733
0.354,2.13372,0.0247163,0.209479,48.5035,0.037239,-0.128932,-48.5628
0.356,2.13674,0.0251349,0.208922,45.8782,0.0369889,-0.118468,-45.9403
0.358,2.13974,0.0255523,0.208287,43.3456,0.0367601,-0.107497,-43.4103
0.36,2.14275,0.0259683,0.207576,40.9101,0.0365537,-0.0960416,-40.9774
0.362,2.14584,0.0263829,0.206791,38.5761,0.0363704,-0.0841202,-38.6458
0.364,2.14885,0.0267958,0.205935,36.3478,0.0362114,-0.0717544,-36.4198
0.366,2.15188,0.027207,0.205009,34.2291,0.0360774,-0.058966,-34.3033
0.368,2.155,0.0276163,0.204017,32.2237,0.0359693,-0.0457776,-32.3
0.37,2.15806,0.0280236,0.202959,30.3352,0.0358879,-0.0322126,-30.4135
0.372,2.16103,0.0284287,0.20184,28.5669,0.0358339,-0.0182949,-28.647
0.374,2.16409,0.0288315,0.20066,26.922,0.0358079,-0.0040492,-27.0037
0.376,2.16719,0.0292319,0.199424,25.4032,0.0358107,0.0104994,-25.4865
0.378,2.17025,0.0296298,0.198133,24.0134,0.0358427,0.0253251,-24.0981
0.38,2.17331,0.030025,0.196791,22.7549,0.0359047,0.0404018,-22.8408
0.382,2.1764,0.0304176,0.1954,21.6299,0.0359969,0.0557028,-21.7169
0.384,2.17952,0.0308073,0.193962,20.6404,0.0361199,0.071201,-20.7284
0.386,2.18258,0.0311941,0.192482,19.7882,0.036274,0.0868691,-19.8768
0.388,2.1857,0.0315779,0.190961,19.0745,0.0364596,0.102679,-19.1639
0.39,2.18884,0.0319587,0.189403,18.5008,0.0366769,0.118604,-18.5906
0.392,2.19191,0.0323363,0.187811,18.068,0.0369261,0.134615,-18.1581
0.394,2.19504,0.0327107,0.186187,17.7767,0.0372074,0.150684,-17.867
0.396,2.19815,0.0330819,0.184535,17.6276,0.0375208,0.166782,-17.7179
0.398,2.20131,0.0334497,0.182858,17.6207,0.0378665,0.182881,-17.7108
0.4,2.20436,0.0338141,0.181159,17.7561,0.0382443,0.198954,-17.846
0.402,2.20782,0.0341752,0.179441,18.0336,0.0386542,0.21497,-18.1229
0.404,2.21174,0.0345327,0.177706,18.4524,0.0390961,0.230903,-18.5411
0.406,2.21484,0.0348868,0.175959,19.012,0.0395698,0.246724,-19.0999
0.408,2.2181,0.0352375,0.174202,19.7112,0.040075,0.262405,-19.7982
0.41,2.22117,0.0355845,0.172438,20.5489,0.0406115,0.277919,-20.6347
0.412,2.22439,0.0359281,0.170669,21.5233,0.0411789,0.293239,-21.608
0.414,2.22764,0.0362681,0.1689,22.633,0.0417767,0.308337,-22.7162
0.416,2.23096,0.0366046,0.167133,23.8757,0.0424046,0.323186,-23.9574
0.418,2.23424,0.0369375,0.16537,25.2493,0.0430619,0.337761,-25.3293
0.42,2.23749,0.0372669,0.163615,26.7514,0.0437482,0.352037,-26.8296
0.422,2.2408,0.0375929,0.16187,28.3793,0.0444628,0.365987,-28.4555
0.424,2.24402,0.0379153,0.160139,30.1301,0.045205,0.379588,-30.2042
0.426,2.24731,0.0382343,0.158423,32.0007,0.0459742,0.392815,-32.0725
0.428,2.25057,0.0385498,0.156726,33.9877,0.0467695,0.405646,-34.0572
0.43,2.25382,0.038862,0.155049,36.0877,0.0475902,0.418058,-36.1547
0.432,2.2571,0.0391709,0.153396,38.297,0.0484353,0.430028,-38.3613
0.434,2.26047,0.0394765,0.151769,40.6116,0.0493041,0.441537,-40.6732
0.436,2.26382,0.0397788,0.15017,43.0274,0.0501955,0.452563,-43.0862
0.438,2.2672,0.040078,0.148601,45.5404,0.0511086,0.463088,-45.5962
0.44,2.27054,0.040374,0.147065,48.1459,0.0520424,0.473093,-48.1987
0.442,2.27391,0.040667,0.145563,50.8395,0.0529957,0.48256,-50.8891
0.444,2.27739,0.040957,0.144097,53.6164,0.0539676,0.491474,-53.6627
0.446,2.28085,0.0412441,0.14267,56.4717,0.0549569,0.499817,-56.5148
0.448,2.28437,0.0415284,0.141283,59.4006,0.0559625,0.507576,-59.4402
0.45,2.28792,0.04181,0.139938,62.3978,0.0569831,0.514737,-62.4339
0.452,2.29141,0.0420889,0.138635,65.4581,0.0580176,0.521287,-65.4907
0.454,2.29502,0.0423652,0.137378,68.5762,0.0590647,0.527216,-68.6052
0.456,2.29863,0.042639,0.136166,71.7467,0.0601232,0.532511,-71.772
0.458,2.30217,0.0429105,0.135001,74.964,0.0611918,0.537165,-74.9856
0.46,2.30579,0.0431796,0.133885,78.2226,0.0622692,0.541169,-78.2404
0.462,2.30969,0.0434466,0.132818,81.5168,0.0633542,0.544516,-81.5309
0.464,2.3133,0.0437115,0.131801,84.8409,0.0644453,0.547199,-84.8512
0.466,2.31692,0.0439743,0.130834,88.1892,0.0655414,0.549215,-88.1956
0.468,2.32048,0.0442353,0.129919,91.5559,0.0666409,0.550559,-91.5584
0.47,2.3239,0.0444945,0.129056,94.9351,0.0677426,0.551229,-94.9337
0.472,2.32742,0.044752,0.128245,98.3211,0.0688452,0.551224,-98.3158
0.474,2.33091,0.0450079,0.127487,101.708,0.0699472,0.550544,-101.699
0.476,2.33442,0.0452623,0.126781,105.09,0.0710474,0.549189,-105.077
0.478,2.33797,0.0455154,0.126128,108.461,0.0721444,0.547162,-108.444
0.48,2.34151,0.0457672,0.125527,111.816,0.0732368,0.544466,-111.795
0.482,2.34504,0.0460178,0.124978,115.149,0.0743233,0.541106,-115.124
0.484,2.34862,0.0462674,0.124481,118.453,0.0754026,0.537086,-118.425
0.486,2.35221,0.046516,0.124035,121.724,0.0764734,0.532415,-121.692
0.488,2.35579,0.0467638,0.12364,124.956,0.0775343,0.5271,-124.92
0.49,2.35942,0.0470108,0.123295,128.144,0.0785841,0.52115,-128.104
0.492,2.363,0.0472572,0.122999,131.281,0.0796216,0.514574,-131.238
0.494,2.36663,0.047503,0.122752,134.363,0.0806455,0.507384,-134.316
0.496,2.37029,0.0477483,0.122551,137.385,0.0816545,0.499592,-137.335
0.498,2.37433,0.0479933,0.122396,140.341,0.0826475,0.491212,-140.287
0.5,2.37901,0.048238,0.122286,143.226,0.0836233,0.482256,-143.169
0.502,2.38297,0.0484825,0.122219,146.036,0.0845807,0.472742,-145.976
0.504,2.38672,0.0487269,0.122194,148.766,0.0855187,0.462683,-148.703
0.506,2.39044,0.0489713,0.122209,151.411,0.0864363,0.452098,-151.345
0.508,2.3942,0.0492158,0.122262,153.967,0.0873322,0.441004,-153.898
0.51,2.39796,0.0494604,0.122353,156.43,0.0882056,0.429421,-156.358
0.512,2.40211,0.0497052,0.122477,158.796,0.0890555,0.417366,-158.721
0.514,2.40582,0.0499502,0.122635,161.061,0.0898809,0.404861,-160.983
0.516,2.40976,0.0501956,0.122824,163.22,0.090681,0.391927,-163.14
0.518,2.41416,0.0504414,0.123041,165.271,0.0914549,0.378585,-165.189
0.52,2.41772,0.0506877,0.123284,167.211,0.0922018,0.364858,-167.127
0.522,2.42135,0.0509345,0.123552,169.036,0.092921,0.350769,-168.949
0.524,2.42524,0.0511818,0.123842,170.743,0.0936118,0.33634,-170.655
0.526,2.42903,0.0514297,0.124151,172.33,0.0942735,0.321597,-172.239
0.528,2.43302,0.0516782,0.124478,173.794,0.0949054,0.306564,-173.702
0.53,2.43697,0.0519275,0.124819,175.132,0.0955071,0.291266,-175.039
0.532,2.44096,0.0521774,0.125172,176.344,0.096078,0.275728,-176.249
0.534,2.445,0.052428,0.125535,177.427,0.0966177,0.259976,-177.331
0.536,2.449,0.0526793,0.125904,178.379,0.0971257,0.244037,-178.282
0.538,2.45301,0.0529314,0.126278,179.2,0.0976018,0.227936,-179.101
0.54,2.45705,0.0531842,0.126653,179.887,0.0980455,0.2117,-179.788
0.542,2.46136,0.0534378,0.127027,180.441,0.0984566,0.195356,-180.341
0.544,2.4651,0.0536922,0.127397,180.86,0.098835,0.178931,-180.76
0.546,2.4692,0.0539472,0.12776,181.145,0.0991805,0.162452,-181.044
0.548,2.47318,0.054203,0.128114,181.294,0.0994931,0.145946,-181.193
0.55,2.47721,0.0544595,0.128456,181.309,0.0997726,0.129439,-181.208
0.552,2.5231,0.0547167,0.128783,181.189,0.100019,0.112959,-181.088
0.554,2.54403,0.0549745,0.129093,180.935,0.100233,0.0965328,-180.834
0.556,2.56191,0.0552329,0.129382,180.548,0.100413,0.0801866,-180.447
0.558,2.57973,0.0554918,0.129648,180.028,0.100562,0.063947,-179.928
0.56,2.58759,0.0557513,0.129889,179.378,0.100677,0.0478402,-179.279
0.562,2.59399,0.0560113,0.130101,178.598,0.100761,0.0318921,-178.5
0.564,2.64409,0.0562716,0.130282,177.691,0.100813,0.0161283,-177.593
0.566,2.66467,0.0565323,0.13043,176.657,0.100834,0.000573812,-176.561
0.568,2.68185,0.0567932,0.130542,175.5,0.100823,-0.0147465,-175.405
0.57,2.70248,0.0570544,0.130615,174.222,0.100782,-0.0298085,-174.129
0.572,2.71743,0.0573156,0.130648,172.825,0.100712,-0.0445883,-172.733
0.574,2.72706,0.0575769,0.130637,171.312,0.100612,-0.0590628,-171.222
0.576,2.73594,0.0578382,0.13058,169.687,0.100483,-0.0732093,-169.598
0.578,2.74134,0.0580993,0.130476,167.951,0.100326,-0.087006,-167.864
0.58,2.74588,0.0583601,0.130321,166.109,0.100142,-0.100432,-166.024
0.582,2.75019,0.0586206,0.130115,164.164,0.0999311,-0.113465,-164.081
0.584,2.75426,0.0588806,0.129854,162.12,0.0996947,-0.126088,-162.04
0.586,2.7589,0.0591401,0.129537,159.981,0.0994333,-0.138279,-159.903
0.588,2.76411,0.0593989,0.129162,157.75,0.0991478,-0.150022,-157.675
0.59,2.7687,0.0596569,0.128727,155.433,0.0988393,-0.161299,-155.36
0.592,2.77331,0.059914,0.12823,153.032,0.0985085,-0.172093,-152.962
0.594,2.77765,0.0601701,0.127671,150.554,0.0981565,-0.182388,-150.486
0.596,2.78264,0.060425,0.127047,148.002,0.0977843,-0.19217,-147.937
0.598,2.78682,0.0606785,0.126357,145.382,0.0973929,-0.201425,-145.319
0.6,2.79116,0.0609307,0.125599,142.697,0.0969835,-0.210141,-142.638
0.602,2.79544,0.0611813,0.124773,139.953,0.096557,-0.218305,-139.897
0.604,2.79923,0.0614302,0.123878,137.156,0.0961146,-0.225907,-137.103
0.606,2.80331,0.0616772,0.122912,134.309,0.0956574,-0.232937,-134.259
0.608,2.8076,0.0619223,0.121875,131.419,0.0951866,-0.239386,-131.373
0.61,2.81215,0.0621652,0.120765,128.491,0.0947033,-0.245246,-128.448
0.612,2.81636,0.0624059,0.119583,125.53,0.0942088,-0.250511,-125.49
0.614,2.82064,0.0626441,0.118328,122.541,0.0937042,-0.255176,-122.504
0.616,2.82508,0.0628798,0.116999,119.53,0.0931907,-0.259236,-119.497
0.618,2.82943,0.0631127,0.115595,116.502,0.0926695,-0.262688,-116.472
0.62,2.83372,0.0633428,0.114118,113.464,0.0921419,-0.265529,-113.437
0.622,2.83818,0.0635699,0.112567,110.419,0.0916091,-0.267758,-110.396
0.624,2.84255,0.0637938,0.110941,107.374,0.0910723,-0.269375,-107.354
0.626,2.84729,0.0640144,0.109242,104.335,0.0905327,-0.270382,-104.318
0.628,2.8514,0.0642316,0.107469,101.306,0.0899915,-0.27078,-101.293
0.63,2.85581,0.0644452,0.105622,98.2938,0.08945,-0.270573,-98.2838
0.632,2.8605,0.064655,0.103703,95.3029,0.0889094,-0.269764,-95.2961
0.634,2.86463,0.0648609,0.101712,92.3388,0.0883708,-0.26836,-92.3353
0.636,2.86941,0.0650628,0.0996503,89.407,0.0878355,-0.266367,-89.4067
0.638,2.874,0.0652605,0.0975178,86.5126,0.0873046,-0.263791,-86.5155
0.64,2.87835,0.0654539,0.0953161,83.6608,0.0867793,-0.260643,-83.6668
0.642,2.88316,0.0656428,0.0930461,80.8566,0.0862607,-0.25693,-80.8657
0.644,2.88796,0.0658272,0.0907092,78.105,0.08575,-0.252664,-78.1172
0.646,2.89224,0.0660068,0.0883066,75.4109,0.0852482,-0.247857,-75.4261
0.648,2.89669,0.0661816,0.0858398,72.779,0.0847564,-0.24252,-72.7971
0.65,2.90109,0.0663514,0.0833104,70.214,0.0842757,-0.236667,-70.2349
0.652,2.90558,0.0665161,0.0807199,67.7204,0.083807,-0.230312,-67.7441
0.654,2.91009,0.0666755,0.0780701,65.3026,0.0833514,-0.223471,-65.3289
0.656,2.91454,0.0668297,0.0753629,62.9648,0.0829099,-0.216159,-62.9937
0.658,2.91929,0.0669783,0.0726001,60.711,0.0824833,-0.208393,-60.7424
0.66,2.92389,0.0671214,0.0697838,58.5453,0.0820726,-0.200191,-58.579
0.662,2.92838,0.0672588,0.0669161,56.4713,0.0816787,-0.19157,-56.5074
0.664,2.93306,0.0673905,0.0639992,54.4927,0.0813022,-0.182551,-54.531
0.666,2.93778,0.0675163,0.0610352,52.613,0.0809441,-0.173153,-52.6533
0.668,2.94245,0.0676361,0.0580266,50.8352,0.0806051,-0.163396,-50.8775
0.67,2.94745,0.0677499,0.0549758,49.1626,0.0802858,-0.153302,-49.2067
0.672,2.95207,0.0678575,0.0518851,47.5978,0.079987,-0.142891,-47.6437
0.674,2.95667,0.0679589,0.0487572,46.1437,0.0797092,-0.132186,-46.1912
0.676,2.96175,0.0680541,0.0455946,44.8027,0.079453,-0.121209,-44.8516
0.678,2.96689,0.0681429,0.0424,43.577,0.0792189,-0.109984,-43.6273
0.68,2.97205,0.0682253,0.039176,42.4687,0.0790075,-0.0985339,-42.5201
0.682,2.97683,0.0683012,0.0359254,41.4796,0.0788192,-0.0868827,-41.5321
0.684,2.98181,0.0683706,0.032651,40.6113,0.0786543,-0.0750544,-40.6648
0.686,2.98681,0.0684334,0.0293556,39.8652,0.0785131,-0.0630734,-39.9195
0.688,2.99169,0.0684896,0.026042,39.2426,0.078396,-0.0509645,-39.2975
0.69,2.99651,0.0685392,0.022713,38.7443,0.0783032,-0.0387525,-38.7998
0.692,3.00142,0.0685822,0.0193716,38.3711,0.0782349,-0.0264623,-38.427
0.694,3.0063,0.0686184,0.0160207,38.1235,0.0781913,-0.0141192,-38.1797
0.696,3.01152,0.0686479,0.0126632,38.0019,0.0781723,-0.00174811,-38.0582
0.698,3.01652,0.0686707,0.00930194,38.0062,0.0781781,0.0106256,-38.0625
0.7,3.02127,0.0686868,0.00593994,38.1363,0.0782086,0.0229769,-38.1924
0.702,3.02661,0.0686962,0.00258008,38.3918,0.0782638,0.0352807,-38.4477
0.704,3.03143,0.0686988,-0.000774719,38.7721,0.0783436,0.0475121,-38.8276
0.706,3.03632,0.0686947,-0.00412156,39.2765,0.0784477,0.0596462,-39.3313
0.708,3.04118,0.068684,-0.00745756,39.9037,0.078576,0.0716586,-39.9579
0.71,3.04636,0.0686666,-0.0107799,40.6526,0.0787283,0.0835248,-40.706
0.712,3.0512,0.0686425,-0.0140856,41.5217,0.0789041,0.095221,-41.5741
0.714,3.05639,0.0686119,-0.0173721,42.5092,0.0791032,0.106723,-42.5605
0.716,3.06146,0.0685747,-0.0206364,43.6134,0.0793252,0.118009,-43.6634
0.718,3.06636,0.068531,-0.023876,44.832,0.0795695,0.129054,-44.8807
0.72,3.07128,0.0684808,-0.027088,46.1627,0.0798357,0.139837,-46.2099
0.722,3.07619,0.0684243,-0.0302699,47.6031,0.0801233,0.150336,-47.6488
0.724,3.08104,0.0683614,-0.0334191,49.1505,0.0804317,0.160529,-49.1944
0.726,3.08648,0.0682922,-0.036533,50.8019,0.0807602,0.170395,-50.844
0.728,3.09265,0.0682168,-0.0396093,52.5543,0.0811082,0.179915,-52.5944
0.73,3.09728,0.0681353,-0.0426456,54.4044,0.0814749,0.189069,-54.4425
0.732,3.10242,0.0680478,-0.0456394,56.3489,0.0818597,0.197838,-56.3849
0.734,3.10745,0.0679543,-0.0485886,58.3842,0.0822617,0.206203,-58.4179
0.736,3.11356,0.0678549,-0.051491,60.5065,0.0826802,0.214148,-60.5378
0.738,3.11875,0.0677498,-0.0543445,62.7119,0.0831142,0.221656,-62.7408
0.74,3.12383,0.067639,-0.0571471,64.9964,0.0835628,0.228711,-65.0229
0.742,3.12937,0.0675226,-0.0598969,67.3559,0.0840253,0.235298,-67.3798
0.744,3.13468,0.0674008,-0.062592,69.7861,0.0845005,0.241403,-69.8072
0.746,3.13958,0.0672736,-0.0652308,72.2825,0.0849876,0.247012,-72.3009
0.748,3.14479,0.0671412,-0.0678115,74.8406,0.0854855,0.252114,-74.8562
0.75,3.14994,0.0670037,-0.0703326,77.4559,0.0859933,0.256696,-77.4686
0.752,3.15507,0.0668612,-0.0727927,80.1235,0.0865098,0.26075,-80.1333
0.754,3.1603,0.0667138,-0.0751904,82.8387,0.087034,0.264264,-82.8455
0.756,3.20662,0.0665616,-0.0775245,85.5965,0.0875649,0.26723,-85.6003
0.758,3.22093,0.0664049,-0.0797939,88.3921,0.0881012,0.269641,-88.3928
0.76,3.24332,0.0662436,-0.0819975,91.2204,0.088642,0.271491,-91.218
0.762,3.26723,0.066078,-0.0841344,94.0763,0.089186,0.272773,-94.0708
0.764,3.29716,0.0659082,-0.0862038,96.9547,0.0897322,0.273484,-96.9461
0.766,3.31294,0.0657343,-0.0882051,99.8505,0.0902793,0.273619,-99.8387
0.768,3.32344,0.0655564,-0.0901375,102.758,0.0908263,0.273177,-102.743
0.77,3.33108,0.0653747,-0.0920006,105.673,0.091372,0.272155,-105.655
0.772,3.33782,0.0651893,-0.0937942,108.59,0.0919152,0.270555,-108.569
0.774,3.34256,0.0650005,-0.0955178,111.504,0.0924548,0.268375,-111.479
0.776,3.34797,0.0648082,-0.0971714,114.408,0.0929896,0.265618,-114.381
0.778,3.35318,0.0646126,-0.098755,117.299,0.0935184,0.262288,-117.269
0.78,3.35806,0.064414,-0.100269,120.172,0.0940401,0.258386,-120.138
0.782,3.36399,0.0642123,-0.101712,123.02,0.0945536,0.253919,-122.983
0.784,3.36948,0.0640079,-0.103087,125.839,0.0950578,0.248892,-125.799
0.786,3.37461,0.0638007,-0.104392,128.624,0.0955515,0.243311,-128.581
0.788,3.38086,0.063591,-0.105629,131.371,0.0960336,0.237185,-131.325
0.79,3.38617,0.0633788,-0.106798,134.073,0.096503,0.230522,-134.024
0.792,3.39118,0.0631644,-0.107899,136.728,0.0969588,0.223333,-136.676
0.794,3.39697,0.0629478,-0.108935,139.329,0.0973997,0.215626,-139.274
0.796,3.4028,0.0627292,-0.109905,141.872,0.0978249,0.207415,-141.814
0.798,3.40814,0.0625087,-0.11081,144.353,0.0982333,0.198711,-144.293
0.8,3.41406,0.0622865,-0.111653,146.767,0.0986239,0.189529,-146.704
0.802,3.42027,0.0620626,-0.112433,149.111,0.0989958,0.179881,-149.046
0.804,3.4256,0.0618371,-0.113153,151.38,0.099348,0.169782,-151.312
0.806,3.43107,0.0616103,-0.113813,153.57,0.0996798,0.15925,-153.5
0.808,3.43691,0.0613822,-0.114416,155.677,0.0999901,0.148299,-155.605
0.81,3.44298,0.061153,-0.114962,157.698,0.100278,0.136948,-157.624
0.812,3.448,0.0609227,-0.115455,159.629,0.100543,0.125214,-159.553
0.814,3.4542,0.0606914,-0.115894,161.467,0.100785,0.113116,-161.389
0.816,3.45996,0.0604594,-0.116282,163.209,0.101002,0.100673,-163.129
0.818,3.46623,0.0602265,-0.116621,164.851,0.101194,0.0879053,-164.769
0.82,3.47203,0.0599931,-0.116913,166.391,0.10136,0.0748326,-166.308
0.822,3.47746,0.059759,-0.11716,167.827,0.101499,0.0614762,-167.741
0.824,3.48311,0.0595246,-0.117364,169.155,0.101612,0.0478574,-169.068
0.826,3.48957,0.0592897,-0.117527,170.373,0.101697,0.0339981,-170.285
0.828,3.4952,0.0590546,-0.117651,171.48,0.101755,0.0199206,-171.391
0.83,3.50122,0.0588192,-0.117739,172.473,0.101784,0.00564759,-172.384
0.832,3.50635,0.0585837,-0.117792,173.352,0.101785,-0.00879797,-173.261
0.834,3.51272,0.0583481,-0.117813,174.113,0.101756,-0.0233928,-174.022
0.836,3.51938,0.0581124,-0.117805,174.757,0.101698,-0.0381134,-174.665
0.838,3.52478,0.0578768,-0.117769,175.282,0.101611,-0.052936,-175.19
0.84,3.53047,0.0576413,-0.117708,175.687,0.101494,-0.0678367,-175.594
0.842,3.53659,0.057406,-0.117625,175.972,0.101347,-0.0827915,-175.879
0.844,3.54336,0.0571708,-0.117522,176.136,0.10117,-0.0977763,-176.043
0.846,3.54941,0.0569359,-0.117401,176.179,0.100963,-0.112767,-176.086
0.848,3.55486,0.0567012,-0.117265,176.101,0.100727,-0.127739,-176.009
0.85,3.56071,0.0564667,-0.117116,175.903,0.10046,-0.142669,-175.81
0.852,3.56644,0.0562326,-0.116957,175.584,0.100163,-0.157533,-175.492
0.854,3.57229,0.0559988,-0.11679,175.145,0.0998373,-0.172306,-175.054
0.856,3.57785,0.0557654,-0.116617,174.588,0.0994817,-0.186965,-174.498
0.858,3.58307,0.0555323,-0.116441,173.913,0.0990968,-0.201487,-173.823
0.86,3.5889,0.0552995,-0.116265,173.122,0.0986831,-0.215847,-173.033
0.862,3.59484,0.0550671,-0.11609,172.215,0.0982407,-0.230025,-172.128
0.864,3.60149,0.0548351,-0.115919,171.195,0.0977701,-0.243996,-171.109
0.866,3.60758,0.0546034,-0.115754,170.064,0.0972718,-0.257738,-169.979
0.868,3.65602,0.054372,-0.115598,168.824,0.0967462,-0.27123,-168.74
0.87,3.67701,0.0541409,-0.115452,167.476,0.0961938,-0.28445,-167.394
0.872,3.69861,0.0539101,-0.115319,166.024,0.0956151,-0.297378,-165.944
0.874,3.72231,0.0536795,-0.115202,164.469,0.0950108,-0.309993,-164.391
0.876,3.74144,0.0534492,-0.115101,162.815,0.0943816,-0.322274,-162.739
0.878,3.75396,0.0532191,-0.115019,161.066,0.093728,-0.334204,-160.992
0.88,3.76875,0.0529891,-0.114958,159.222,0.0930509,-0.345764,-159.151
0.882,3.77804,0.0527592,-0.114921,157.289,0.0923509,-0.356934,-157.22
0.884,3.78576,0.0525294,-0.114907,155.27,0.0916289,-0.367699,-155.203
0.886,3.79407,0.0522996,-0.11492,153.167,0.0908857,-0.378042,-153.103
0.888,3.80145,0.0520697,-0.114962,150.986,0.0901221,-0.387947,-150.924
0.89,3.80958,0.0518397,-0.115032,148.729,0.0893391,-0.397398,-148.67
0.892,3.81667,0.0516096,-0.115134,146.401,0.0885375,-0.406383,-146.344
0.894,3.82515,0.0513792,-0.115269,144.005,0.0877182,-0.414886,-143.952
0.896,3.83317,0.0511486,-0.115437,141.547,0.0868824,-0.422897,-141.496
0.898,3.84124,0.0509175,-0.115641,139.03,0.0860309,-0.430402,-138.982
0.9,3.84894,0.0506861,-0.11588,136.459,0.0851647,-0.437392,-136.414
0.902,3.85715,0.0504541,-0.116158,133.838,0.084285,-0.443856,-133.796
0.904,3.86546,0.0502216,-0.116473,131.172,0.0833928,-0.449785,-131.133
0.906,3.87547,0.0499884,-0.116828,128.465,0.0824891,-0.455172,-128.429
0.908,3.88269,0.0497544,-0.117222,125.722,0.081575,-0.460009,-125.69
0.91,3.89044,0.0495197,-0.117657,122.949,0.0806517,-0.46429,-122.919
0.912,3.89807,0.049284,-0.118134,120.149,0.0797203,-0.46801,-120.123
0.914,3.90666,0.0490473,-0.118652,117.328,0.0787818,-0.471164,-117.305
0.916,3.91571,0.0488096,-0.119212,114.49,0.0778374,-0.47375,-114.471
0.918,3.92339,0.0485708,-0.119814,111.641,0.0768883,-0.475764,-111.625
0.92,3.92896,0.0483307,-0.120459,108.785,0.0759356,-0.477207,-108.772
0.922,3.93766,0.0480892,-0.121147,105.928,0.0749805,-0.478077,-105.918
0.924,3.94495,0.0478464,-0.121876,103.074,0.074024,-0.478375,-103.067
0.926,3.95165,0.0476021,-0.122649,100.228,0.0730674,-0.478104,-100.225
0.928,3.95906,0.0473562,-0.123463,97.3944,0.0721117,-0.477264,-97.3947
0.93,3.96661,0.0471086,-0.124319,94.5791,0.0711581,-0.475861,-94.5827
0.932,3.97389,0.0468593,-0.125216,91.7865,0.0702078,-0.473898,-91.7933
0.934,3.9808,0.0466082,-0.126154,89.0212,0.0692618,-0.471381,-89.0313
0.936,3.98768,0.0463551,-0.127132,86.2881,0.0683213,-0.468318,-86.3013
0.938,3.99529,0.0461001,-0.12815,83.5918,0.0673872,-0.464714,-83.6081
0.94,4.0031,0.045843,-0.129206,80.9368,0.0664608,-0.460578,-80.9562
0.942,4.00945,0.0455838,-0.130299,78.3277,0.0655431,-0.45592,-78.3501
0.944,4.01517,0.0453224,-0.131429,75.7687,0.0646351,-0.450749,-75.7941
0.946,4.02228,0.0450586,-0.132594,73.2643,0.0637377,-0.445077,-73.2926
0.948,4.02869,0.0447925,-0.133794,70.8186,0.0628521,-0.438915,-70.8497
0.95,4.03544,0.044524,-0.135026,68.4357,0.0619792,-0.432277,-68.4696
0.952,4.05005,0.044253,-0.136289,66.1196,0.0611199,-0.425174,-66.1562
0.954,4.05677,0.0439795,-0.137583,63.8741,0.0602751,-0.417622,-63.9133
0.956,4.06331,0.0437034,-0.138905,61.7029,0.0594458,-0.409635,-61.7447
0.958,4.07042,0.0434245,-0.140253,59.6097,0.0586328,-0.401229,-59.6539
0.96,4.07702,0.043143,-0.141627,57.5978,0.0578369,-0.39242,-57.6444
0.962,4.08373,0.0428587,-0.143023,55.6705,0.0570589,-0.383225,-55.7194
0.964,4.0895,0.0425716,-0.144442,53.831,0.0562996,-0.373662,-53.882
0.966,4.09594,0.0422816,-0.145879,52.0822,0.0555596,-0.363749,-52.1353
0.968,4.10318,0.0419888,-0.147334,50.427,0.0548397,-0.353505,-50.482
0.97,4.11116,0.041693,-0.148804,48.8678,0.0541406,-0.342949,-48.9247
0.972,4.11802,0.0413943,-0.150288,47.4073,0.0534628,-0.3321,-47.466
0.974,4.1249,0.0410926,-0.151783,46.0477,0.0528069,-0.320979,-46.108
0.976,4.13168,0.0407879,-0.153287,44.7911,0.0521734,-0.309606,-44.8528
0.978,4.13764,0.0404802,-0.154797,43.6393,0.0515629,-0.298003,-43.7025
0.98,4.14505,0.0401695,-0.156313,42.5942,0.0509757,-0.28619,-42.6586
0.982,4.15197,0.0398557,-0.15783,41.6572,0.0504123,-0.27419,-41.7228
0.984,4.15844,0.0395389,-0.159347,40.8297,0.049873,-0.262025,-40.8963
0.986,4.16695,0.0392191,-0.160861,40.1128,0.0493582,-0.249716,-40.1803
0.988,4.17421,0.0388962,-0.162371,39.5074,0.0488681,-0.237285,-39.5757
0.99,4.18199,0.0385704,-0.163873,39.0144,0.0484029,-0.224756,-39.0833
0.992,4.18922,0.0382415,-0.165365,38.6341,0.0479628,-0.212151,-38.7036
0.994,4.19592,0.0379097,-0.166845,38.3671,0.047548,-0.199493,-38.437
0.996,4.20307,0.0375749,-0.168311,38.2133,0.0471585,-0.186803,-38.2835
0.998,4.20942,0.0372372,-0.169759,38.1728,0.0467944,-0.174106,-38.2432
1,4.2164,0.0368966,-0.171188,38.2454,0.0464557,-0.161422,-38.3157
1.002,4.22199,0.0365531,-0.172595,38.4304,0.0461424,-0.148776,-38.5006
1.004,4.22955,0.0362069,-0.173978,38.7273,0.0458543,-0.13619,-38.7973
1.006,4.23628,0.0358579,-0.175334,39.1352,0.0455913,-0.123685,-39.2048
1.008,4.24381,0.0355062,-0.17666,39.653,0.0453532,-0.111283,-39.7222
1.01,4.25039,0.0351519,-0.177956,40.2796,0.0451399,-0.0990074,-40.3482
1.012,4.25772,0.0347951,-0.179217,41.0135,0.044951,-0.0868782,-41.0813
1.014,4.26423,0.0344357,-0.180442,41.853,0.0447863,-0.0749171,-41.92
1.016,4.27187,0.0340739,-0.181629,42.7963,0.0446453,-0.0631448,-42.8624
1.018,4.27881,0.0337098,-0.182775,43.8415,0.0445277,-0.0515816,-43.9065
1.02,4.28606,0.0333434,-0.183879,44.9863,0.0444331,-0.0402476,-45.0502
1.022,4.29388,0.0329749,-0.184937,46.2285,0.0443609,-0.0291622,-46.2911
1.024,4.30169,0.0326042,-0.185949,47.5656,0.0443108,-0.0183444,-47.6268
1.026,4.30894,0.0322316,-0.186912,48.9947,0.044282,-0.00781267,-49.0545
1.028,4.31536,0.0318571,-0.187823,50.5132,0.0442741,0.00241513,-50.5714
1.03,4.32156,0.0314808,-0.188682,52.1181,0.0442864,0.0123217,-52.1745
1.032,4.32901,0.0311028,-0.189486,53.8061,0.0443183,0.0218904,-53.8608
1.034,4.33677,0.0307233,-0.190234,55.5741,0.044369,0.0311052,-55.6269
1.036,4.34362,0.0303423,-0.190924,57.4185,0.044438,0.0399508,-57.4694
1.038,4.35033,0.02996,-0.191554,59.336,0.0445243,0.0484126,-59.3848
1.04,4.35827,0.0295764,-0.192122,61.3227,0.0446272,0.0564767,-61.3694
1.042,4.36624,0.0291918,-0.192628,63.3749,0.044746,0.06413,-63.4195
1.044,4.37222,0.0288062,-0.19307,65.4888,0.0448797,0.0713601,-65.5311
1.046,4.38122,0.0284197,-0.193447,67.6602,0.0450276,0.0781554,-67.7002
1.048,4.38778,0.0280326,-0.193757,69.8852,0.0451887,0.0845054,-69.9228
1.05,4.39486,0.0276449,-0.193999,72.1595,0.0453622,0.0904,-72.1947
1.052,4.40206,0.0272568,-0.194173,74.4789,0.0455472,0.0958302,-74.5116
1.054,4.40888,0.0268683,-0.194277,76.8391,0.0457426,0.100788,-76.8693
1.056,4.41601,0.0264797,-0.194311,79.2355,0.0459476,0.105266,-79.2632
1.058,4.42374,0.0260911,-0.194273,81.6639,0.0461612,0.109257,-81.6889
1.06,4.43065,0.0257027,-0.194164,84.1196,0.0463825,0.112757,-84.142
1.062,4.43861,0.0253145,-0.193982,86.5982,0.0466103,0.115761,-86.6179
1.064,4.44542,0.0249267,-0.193728,89.0949,0.0468438,0.118264,-89.112
1.066,4.45467,0.0245394,-0.1934,91.6053,0.0470819,0.120265,-91.6197
1.068,4.46072,0.0241529,-0.192999,94.1247,0.0473236,0.121761,-94.1365
1.07,4.46865,0.0237673,-0.192525,96.6485,0.047568,0.122752,-96.6575
1.072,4.47565,0.0233826,-0.191977,99.172,0.0478139,0.123237,-99.1783
1.074,4.48301,0.0229991,-0.191356,101.691,0.0480605,0.123218,-101.694
1.076,4.49012,0.0226169,-0.190662,104.2,0.0483066,0.122696,-104.201
1.078,4.49977,0.0222362,-0.189895,106.695,0.0485513,0.121674,-106.693
1.08,4.50779,0.021857,-0.189055,109.171,0.0487936,0.120156,-109.167
1.082,4.51462,0.0214796,-0.188143,111.624,0.0490325,0.118147,-111.617
1.084,4.52364,0.021104,-0.187159,114.05,0.0492669,0.115651,-114.04
1.086,4.53131,0.0207305,-0.186105,116.443,0.0494961,0.112676,-116.431
1.088,4.53974,0.0203591,-0.18498,118.8,0.0497189,0.109228,-118.786
1.09,4.5466,0.01999,-0.183786,121.117,0.0499345,0.105316,-121.1
1.092,4.55387,0.0196234,-0.182524,123.389,0.050142,0.100948,-123.369
1.094,4.56145,0.0192593,-0.181195,125.611,0.0503403,0.0961348,-125.589
1.096,4.57046,0.018898,-0.1798,127.781,0.0505287,0.0908864,-127.757
1.098,4.57729,0.0185394,-0.17834,129.894,0.0507063,0.0852142,-129.867
1.1,4.58444,0.0181839,-0.176816,131.946,0.0508722,0.0791304,-131.917
1.102,4.59266,0.0178314,-0.17523,133.933,0.0510257,0.0726477,-133.902
1.104,4.6005,0.0174822,-0.173583,135.853,0.0511659,0.0657798,-135.82
1.106,4.60838,0.0171363,-0.171878,137.701,0.0512921,0.0585409,-137.666
1.108,4.61542,0.0167939,-0.170115,139.474,0.0514035,0.0509458,-139.438
1.11,4.62392,0.016455,-0.168296,141.17,0.0514995,0.0430102,-141.132
1.112,4.63201,0.0161198,-0.166423,142.785,0.0515794,0.0347501,-142.745
1.114,4.63912,0.0157884,-0.164498,144.315,0.0516425,0.0261824,-144.274
1.116,4.64731,0.0154609,-0.162523,145.759,0.0516883,0.0173242,-145.716
1.118,4.65599,0.0151373,-0.160499,147.114,0.0517161,0.00819341,-147.07
1.12,4.66296,0.0148179,-0.158429,148.378,0.0517255,-0.00119173,-148.332
1.122,4.67016,0.0145026,-0.156316,149.547,0.0517159,-0.0108125,-149.5
1.124,4.67872,0.0141916,-0.15416,150.621,0.051687,-0.0206498,-150.573
1.126,4.68687,0.0138849,-0.151964,151.596,0.0516382,-0.030684,-151.547
1.128,4.69356,0.0135826,-0.149731,152.473,0.0515692,-0.0408954,-152.423
1.13,4.70111,0.0132849,-0.147462,153.248,0.0514796,-0.0512637,-153.197
1.132,4.71015,0.0129917,-0.14516,153.92,0.0513692,-0.0617684,-153.869
1.134,4.7188,0.0127031,-0.142828,154.49,0.0512377,-0.072389,-154.438
1.136,4.7271,0.0124192,-0.140467,154.954,0.0510849,-0.0831045,-154.902
1.138,4.73503,0.0121401,-0.13808,155.313,0.0509107,-0.0938939,-155.26
1.14,4.74159,0.0118657,-0.135669,155.566,0.0507147,-0.104736,-155.513
1.142,4.75077,0.0115962,-0.133238,155.712,0.0504971,-0.11561,-155.659
1.144,4.75925,0.0113316,-0.130787,155.752,0.0502577,-0.126493,-155.699
1.146,4.766,0.0110718,-0.12832,155.685,0.0499966,-0.137366,-155.632
1.148,4.77367,0.010817,-0.12584,155.511,0.0497137,-0.148206,-155.459
1.15,4.7814,0.0105672,-0.123347,155.231,0.0494092,-0.158993,-155.179
1.152,4.78943,0.0103224,-0.120846,154.845,0.0490832,-0.169704,-154.794
1.154,4.79803,0.0100826,-0.118338,154.354,0.0487358,-0.18032,-154.303
1.156,4.80495,0.0098478,-0.115826,153.759,0.0483673,-0.19082,-153.709
1.158,4.81409,0.00961804,-0.113312,153.06,0.0479778,-0.201182,-153.011
1.16,4.82119,0.0093933,-0.110799,152.26,0.0475678,-0.211387,-152.212
1.162,4.83004,0.00917358,-0.108289,151.36,0.0471374,-0.221414,-151.313
1.164,4.83863,0.00895888,-0.105783,150.36,0.0466872,-0.231244,-150.314
1.166,4.84771,0.00874919,-0.103286,149.263,0.0462175,-0.240858,-149.219
1.168,4.85505,0.00854449,-0.100798,148.072,0.0457287,-0.250236,-148.029
1.17,4.86437,0.00834475,-0.0983215,146.787,0.0452213,-0.25936,-146.746
1.172,4.87227,0.00814996,-0.0958594,145.412,0.0446959,-0.268211,-145.372
1.174,4.88056,0.00796008,-0.0934135,143.948,0.044153,-0.276773,-143.91
1.176,4.88986,0.00777507,-0.0909859,142.399,0.0435933,-0.285028,-142.363
1.178,4.89865,0.00759491,-0.0885786,140.767,0.0430172,-0.29296,-140.733
1.18,4.90529,0.00741955,-0.0861934,139.055,0.0424255,-0.300552,-139.022
1.182,4.91393,0.00724893,-0.0838324,137.266,0.0418189,-0.307789,-137.235
1.184,4.92167,0.00708302,-0.0814973,135.403,0.0411982,-0.314656,-135.375
1.186,4.93019,0.00692176,-0.0791899,133.469,0.0405639,-0.321141,-133.443
1.188,4.93884,0.0067651,-0.0769118,131.469,0.039917,-0.327228,-131.445
1.19,4.94591,0.00661296,-0.0746648,129.404,0.0392582,-0.332905,-129.383
1.192,4.95469,0.0064653,-0.0724503,127.28,0.0385884,-0.338161,-127.261
1.194,4.96289,0.00632204,-0.0702698,125.1,0.0379084,-0.342984,-125.083
1.196,4.97157,0.00618312,-0.0681248,122.867,0.0372191,-0.347364,-122.853
1.198,4.98029,0.00604845,-0.0660164,120.585,0.0365213,-0.35129,-120.574
1.2,4.98778,0.00591798,-0.063946,118.259,0.0358161,-0.354755,-118.251
1.202,4.99643,0.00579162,-0.0619147,115.893,0.0351043,-0.35775,-115.887
1.204,5.00476,0.00566929,-0.0599235,113.49,0.0343868,-0.360268,-113.487
1.206,5.01384,0.00555091,-0.0579734,111.056,0.0336647,-0.362302,-111.055
1.208,5.02178,0.0054364,-0.0560653,108.593,0.0329388,-0.363847,-108.595
1.21,5.03018,0.00532568,-0.0541999,106.107,0.0322103,-0.364899,-106.112
1.212,5.03827,0.00521865,-0.0523781,103.601,0.03148,-0.365453,-103.609
1.214,5.04621,0.00511523,-0.0506003,101.081,0.0307489,-0.365506,-101.092
1.216,5.05506,0.00501534,-0.0488671,98.5501,0.0300182,-0.365057,-98.5639
1.218,5.06297,0.00491888,-0.047179,96.0132,0.0292887,-0.364104,-96.0299
1.22,5.07204,0.00482576,-0.0455362,93.4746,0.0285615,-0.362646,-93.4941
1.222,5.08049,0.00473589,-0.0439389,90.9386,0.0278376,-0.360685,-90.961
1.224,5.08917,0.00464919,-0.0423874,88.4098,0.027118,-0.358222,-88.435
1.226,5.09807,0.00456555,-0.0408817,85.8924,0.0264037,-0.35526,-85.9204
1.228,5.10621,0.00448489,-0.0394216,83.3908,0.0256957,-0.3518,-83.4216
1.23,5.11447,0.00440711,-0.0380072,80.9092,0.024995,-0.347848,-80.9429
1.232,5.12306,0.00433213,-0.0366381,78.4521,0.0243026,-0.343408,-78.4885
1.234,5.13176,0.00425985,-0.0353141,76.0235,0.0236194,-0.338486,-76.0627
1.236,5.14038,0.00419019,-0.0340346,73.6278,0.0229464,-0.333089,-73.6696
1.238,5.14937,0.00412306,-0.0327994,71.2688,0.0222845,-0.327224,-71.3133
1.24,5.15684,0.00405836,-0.0316076,68.9508,0.0216347,-0.320898,-68.9979
1.242,5.16544,0.00399601,-0.0304587,66.6776,0.0209979,-0.314122,-66.7273
1.244,5.17528,0.00393593,-0.0293519,64.4532,0.020375,-0.306905,-64.5053
1.246,5.18349,0.00387803,-0.0282864,62.2812,0.0197669,-0.299257,-62.3358
1.248,5.19363,0.00382223,-0.0272613,60.1655,0.0191744,-0.29119,-60.2224
1.25,5.20153,0.00376846,-0.0262755,58.1095,0.0185983,-0.282715,-58.1687
1.252,5.2097,0.00371662,-0.025328,56.1168,0.0180395,-0.273845,-56.1783
1.254,5.21974,0.00366666,-0.0244176,54.1907,0.0174986,-0.264594,-54.2543
1.256,5.22812,0.00361848,-0.0235431,52.3344,0.0169766,-0.254976,-52.4001
1.258,5.23665,0.00357203,-0.0227033,50.5511,0.0164741,-0.245004,-50.6188
1.26,5.2461,0.00352723,-0.0218967,48.8437,0.0159918,-0.234695,-48.9133
1.262,5.2554,0.00348403,-0.0211219,47.2151,0.0155303,-0.224064,-47.2864
1.264,5.26299,0.00344235,-0.0203776,45.6679,0.0150903,-0.213127,-45.741
1.266,5.27403,0.00340213,-0.019662,44.2048,0.0146724,-0.201901,-44.2795
1.268,5.28281,0.00336333,-0.0189737,42.828,0.0142772,-0.190404,-42.9043
1.27,5.29117,0.00332588,-0.0183109,41.54,0.0139052,-0.178652,-41.6176
1.272,5.29887,0.00328974,-0.0176721,40.3426,0.0135568,-0.166665,-40.4216
1.274,5.30774,0.00325486,-0.0170554,39.238,0.0132326,-0.154461,-39.3182
1.276,5.31656,0.0032212,-0.0164591,38.2278,0.012933,-0.142059,-38.3091
1.278,5.32617,0.00318872,-0.0158814,37.3136,0.0126583,-0.129477,-37.3959
1.28,5.33646,0.00315738,-0.0153204,36.4968,0.0124089,-0.116736,-36.58
1.282,5.34507,0.00312715,-0.0147742,35.7788,0.012185,-0.103854,-35.8627
1.284,5.35233,0.00309801,-0.0142409,35.1605,0.0119871,-0.0908529,-35.2451
1.286,5.36114,0.00306992,-0.0137187,34.6428,0.0118152,-0.0777517,-34.728
1.288,5.37108,0.00304287,-0.0132054,34.2266,0.0116695,-0.0645708,-34.3122
1.29,5.38079,0.00301684,-0.0126993,33.9122,0.0115503,-0.0513307,-33.9981
1.292,5.38972,0.00299181,-0.0121983,33.7001,0.0114576,-0.0380518,-33.7863
1.294,5.39842,0.00296779,-0.0117004,33.5905,0.0113915,-0.0247545,-33.6768
1.296,5.40836,0.00294476,-0.0112036,33.5834,0.0113519,-0.0114594,-33.6696
1.298,5.4175,0.00292273,-0.0107059,33.6785,0.011339,0.00181313,-33.7646
1.3,5.42626,0.00290169,-0.0102054,33.8756,0.0113525,0.0150427,-33.9614
1.302,5.43572,0.00288166,-0.00970011,34.174,0.0113925,0.0282091,-34.2595
1.304,5.44379,0.00286264,-0.009188,34.5732,0.0114588,0.0412922,-34.6581
1.306,5.45401,0.00284466,-0.00866714,35.0721,0.0115511,0.054272,-35.1564
1.308,5.46258,0.00282772,-0.0081356,35.6697,0.0116693,0.0671288,-35.7534
1.31,5.4724,0.00281185,-0.00759147,36.3649,0.0118131,0.0798432,-36.4477
1.312,5.48087,0.00279709,-0.00703287,37.1561,0.0119822,0.0923958,-37.238
1.314,5.48928,0.00278345,-0.00645793,38.0418,0.0121763,0.104768,-38.1227
1.316,5.50077,0.00277097,-0.00586484,39.0204,0.012395,0.116941,-39.1001
1.318,5.50872,0.0027597,-0.00525181,40.0898,0.0126379,0.128897,-40.1683
1.32,5.5182,0.00274967,-0.0046171,41.2481,0.0129045,0.140618,-41.3253
1.322,5.52866,0.00274093,-0.00395899,42.4931,0.0131944,0.152086,-42.5688
1.324,5.53778,0.00273352,-0.00327585,43.8223,0.013507,0.163285,-43.8965
1.326,5.54556,0.00272749,-0.00256605,45.2334,0.0138418,0.174199,-45.306
1.328,5.55453,0.00272291,-0.00182805,46.7237,0.0141982,0.184812,-46.7945
1.33,5.56365,0.00271982,-0.00106036,48.2904,0.0145756,0.195108,-48.3594
1.332,5.57585,0.0027183,-0.000261524,49.9306,0.0149734,0.205072,-49.9977
1.334,5.58482,0.00271839,0.000569821,51.6413,0.0153908,0.214692,-51.7065
1.336,5.59393,0.00272018,0.00143499,53.4193,0.0158272,0.223952,-53.4825
1.338,5.60329,0.00272372,0.00233523,55.2615,0.0162818,0.232841,-55.3226
1.34,5.61343,0.00272908,0.00327172,57.1645,0.0167539,0.241346,-57.2234
1.342,5.62261,0.00273635,0.00424556,59.1248,0.0172428,0.249456,-59.1814
1.344,5.63081,0.0027456,0.00525778,61.1388,0.0177475,0.25716,-61.1931
1.346,5.64137,0.00275689,0.00630934,63.2029,0.0182674,0.264449,-63.2549
1.348,5.65027,0.00277032,0.00740112,65.3134,0.0188015,0.271312,-65.363
1.35,5.65881,0.00278597,0.00853392,67.4665,0.019349,0.277741,-67.5136
1.352,5.66786,0.00280391,0.00970845,69.6583,0.019909,0.283729,-69.703
1.354,5.67708,0.00282423,0.0109254,71.885,0.0204807,0.289269,-71.9271
1.356,5.68699,0.00284702,0.0121852,74.1424,0.0210632,0.294354,-74.182
1.358,5.69713,0.00287236,0.0134884,76.4267,0.0216554,0.29898,-76.4636
1.36,5.70635,0.00290034,0.0148354,78.7337,0.0222566,0.303141,-78.768
1.362,5.71518,0.00293105,0.0162265,81.0593,0.0228657,0.306834,-81.091
1.364,5.72512,0.00296457,0.0176618,83.3995,0.0234818,0.310056,-83.4284
1.366,5.73483,0.003001,0.0191415,85.75,0.0241041,0.312805,-85.7762
1.368,5.74479,0.00304042,0.0206657,88.1067,0.0247315,0.31508,-88.1303
1.37,5.75405,0.00308292,0.0222342,90.4655,0.0253631,0.31688,-90.4864
1.372,5.76435,0.00312859,0.023847,92.8221,0.0259979,0.318206,-92.8404
1.374,5.77224,0.00317752,0.0255038,95.1726,0.026635,0.319059,-95.1882
1.376,5.78192,0.0032298,0.0272043,97.5127,0.0272735,0.319441,-97.5256
1.378,5.79246,0.00328551,0.028948,99.8384,0.0279124,0.319355,-99.8486
1.38,5.80091,0.00334474,0.0307345,102.146,0.0285508,0.318806,-102.153
1.382,5.8111,0.00340757,0.0325632,104.43,0.0291877,0.317796,-104.435
1.384,5.81974,0.00347409,0.0344334,106.688,0.0298222,0.316332,-106.691
1.386,5.82919,0.00354439,0.0363444,108.916,0.0304535,0.31442,-108.916
1.388,5.83857,0.00361853,0.0382953,111.11,0.0310807,0.312066,-111.107
1.39,5.84747,0.00369661,0.0402853,113.265,0.0317028,0.309278,-113.26
1.392,5.85735,0.0037787,0.0423133,115.379,0.032319,0.306065,-115.371
1.394,5.86644,0.00386487,0.0443782,117.447,0.0329285,0.302436,-117.437
1.396,5.87709,0.00395519,0.046479,119.466,0.0335304,0.2984,-119.454
1.398,5.88665,0.00404975,0.0486143,121.433,0.0341239,0.293968,-121.419
1.4,5.89647,0.0041486,0.0507829,123.344,0.0347083,0.289151,-123.328
1.402,5.90542,0.00425181,0.0529833,125.196,0.0352828,0.283961,-125.178
1.404,5.91438,0.00435944,0.0552143,126.986,0.0358466,0.278411,-126.965
1.406,5.92429,0.00447156,0.0574741,128.711,0.036399,0.272513,-128.688
1.408,5.93545,0.00458822,0.0597614,130.368,0.0369394,0.26628,-130.343
1.41,5.9455,0.00470947,0.0620744,131.954,0.0374671,0.259728,-131.927
1.412,5.95402,0.00483537,0.0644114,133.466,0.0379815,0.252871,-133.438
1.414,5.96513,0.00496596,0.0667708,134.903,0.0384819,0.245724,-134.873
1.416,5.97568,0.00510129,0.0691507,136.261,0.0389678,0.238303,-136.229
1.418,5.98493,0.00524138,0.0715492,137.538,0.0394387,0.230624,-137.505
1.42,5.99599,0.00538629,0.0739644,138.733,0.0398941,0.222703,-138.699
1.422,6.00581,0.00553604,0.0763945,139.844,0.0403334,0.214557,-139.808
1.424,6.014,0.00569066,0.0788374,140.868,0.0407563,0.206205,-140.831
1.426,6.02315,0.00585017,0.0812912,141.804,0.0411623,0.197662,-141.766
1.428,6.0343,0.0060146,0.0837537,142.65,0.0415511,0.188947,-142.611
1.43,6.04418,0.00618396,0.0862229,143.406,0.0419224,0.180079,-143.366
1.432,6.05543,0.00635826,0.0886967,144.071,0.0422758,0.171075,-144.03
1.434,6.06493,0.00653751,0.0911729,144.642,0.0426112,0.161955,-144.6
1.436,6.07416,0.00672171,0.0936494,145.12,0.0429282,0.152736,-145.077
1.438,6.08499,0.00691087,0.0961241,145.503,0.0432267,0.143439,-145.46
1.44,6.09367,0.00710497,0.0985947,145.792,0.0435065,0.134081,-145.749
1.442,6.10513,0.00730401,0.101059,145.986,0.0437677,0.124681,-145.943
1.444,6.11529,0.00750797,0.103515,146.085,0.04401,0.11526,-146.041
1.446,6.12549,0.00771684,0.10596,146.088,0.0442334,0.105835,-146.045
1.448,6.13368,0.00793058,0.108393,145.997,0.044438,0.096426,-145.954
1.45,6.14547,0.00814918,0.11081,145.812,0.0446238,0.0870516,-145.768
1.452,6.15387,0.00837261,0.113211,145.533,0.0447909,0.0777305,-145.489
1.454,6.16471,0.00860082,0.115592,145.16,0.0449394,0.0684815,-145.117
1.456,6.1729,0.00883377,0.117951,144.695,0.0450695,0.059323,-144.653
1.458,6.18361,0.00907143,0.120287,144.14,0.0451814,0.0502732,-144.098
1.46,6.19555,0.00931374,0.122597,143.494,0.0452752,0.0413502,-143.452
1.462,6.20308,0.00956065,0.124879,142.759,0.0453513,0.0325716,-142.719
1.464,6.21318,0.00981211,0.127132,141.937,0.0454099,0.023955,-141.898
1.466,6.22408,0.010068,0.129353,141.03,0.0454515,0.0155174,-140.992
1.468,6.23425,0.0103284,0.131539,140.04,0.0454763,0.00727547,-140.002
1.47,6.24381,0.0105931,0.133691,138.968,0.0454848,-0.000754357,-138.931
1.472,6.25378,0.0108621,0.135804,137.816,0.0454774,-0.00855621,-137.78
1.474,6.26617,0.0111352,0.137878,136.587,0.0454546,-0.0161146,-136.553
1.476,6.2759,0.0114125,0.139911,135.283,0.0454168,-0.0234147,-135.25
1.478,6.28738,0.0116938,0.1419,133.907,0.0453647,-0.0304418,-133.876
1.48,6.2973,0.0119791,0.143845,132.461,0.0452987,-0.0371821,-132.431
1.482,6.30663,0.0122682,0.145744,130.949,0.0452195,-0.0436222,-130.92
1.484,6.31722,0.0125611,0.147595,129.372,0.0451276,-0.0497492,-129.345
1.486,6.32606,0.0128577,0.149396,127.734,0.0450237,-0.055551,-127.709
1.488,6.33643,0.0131578,0.151146,126.039,0.0449084,-0.0610159,-126.016
1.49,6.34864,0.0134613,0.152845,124.289,0.0447825,-0.066133,-124.267
1.492,6.35824,0.0137683,0.154489,122.487,0.0446466,-0.070892,-122.467
1.494,6.36724,0.0140785,0.15608,120.637,0.0445015,-0.0752832,-120.62
1.496,6.38003,0.0143918,0.157614,118.743,0.0443478,-0.0792977,-118.727
1.498,6.39037,0.0147081,0.159091,116.807,0.0441865,-0.0829273,-116.794
1.5,6.40086,0.0150274,0.16051,114.834,0.0440181,-0.0861645,-114.823
1.502,6.40977,0.0153494,0.161871,112.828,0.0438436,-0.0890024,-112.818
1.504,6.41923,0.0156742,0.163172,110.791,0.0436637,-0.0914351,-110.784
1.506,6.43032,0.0160014,0.164412,108.728,0.0434793,-0.0934573,-108.723
1.508,6.44168,0.0163312,0.165591,106.642,0.0432911,-0.0950644,-106.64
1.51,6.45095,0.0166632,0.166709,104.538,0.0431,-0.0962527,-104.538
1.512,6.46005,0.0169974,0.167764,102.419,0.0429068,-0.0970192,-102.421
1.514,6.47104,0.0173337,0.168757,100.289,0.0427125,-0.0973617,-100.293
1.516,6.48201,0.0176719,0.169686,98.1522,0.0425177,-0.0972787,-98.1586
1.518,6.49331,0.0180119,0.170553,96.0123,0.0423235,-0.0967697,-96.021
1.52,6.50404,0.0183537,0.171356,93.8732,0.0421306,-0.0958348,-93.8842
1.522,6.51512,0.0186969,0.172095,91.7389,0.0419399,-0.094475,-91.7522
1.524,6.52572,0.0190416,0.172771,89.6133,0.0417522,-0.0926918,-89.6288
1.526,6.53495,0.0193876,0.173384,87.5002,0.0415684,-0.0904878,-87.518
1.528,6.54677,0.0197348,0.173933,85.4036,0.0413893,-0.0878662,-85.4235
1.53,6.55639,0.0200831,0.17442,83.3271,0.0412158,-0.0848312,-83.3492
1.532,6.56675,0.0204322,0.174844,81.2747,0.0410487,-0.0813873,-81.2989
1.534,6.57802,0.0207822,0.175205,79.2499,0.0408887,-0.0775401,-79.2763
1.536,6.58875,0.0211329,0.175506,77.2565,0.0407368,-0.0732959,-77.285
1.538,6.60067,0.0214841,0.175745,75.2982,0.0405936,-0.0686617,-75.3288
1.54,6.61048,0.0218357,0.175923,73.3784,0.04046,-0.063645,-73.411
1.542,6.62188,0.0221876,0.176043,71.5006,0.0403367,-0.0582543,-71.5352
1.544,6.63432,0.0225398,0.176103,69.6683,0.0402244,-0.0524986,-69.7047
1.546,6.6449,0.022892,0.176105,67.8847,0.0401239,-0.0463877,-67.923
1.548,6.65495,0.0232442,0.176051,66.153,0.040036,-0.0399319,-66.1931
1.55,6.66656,0.0235962,0.17594,64.4765,0.0399611,-0.0331421,-64.5183
1.552,6.67505,0.023948,0.175775,62.858,0.0399001,-0.0260299,-62.9015
1.554,6.68619,0.0242994,0.175556,61.3006,0.0398536,-0.0186075,-61.3457
1.556,6.69897,0.0246503,0.175285,59.807,0.0398221,-0.0108877,-59.8537
1.558,6.70953,0.0250006,0.174963,58.38,0.0398063,-0.00288365,-58.428
1.56,6.7193,0.0253503,0.174592,57.022,0.0398067,0.00539084,-57.0714
1.562,6.73018,0.0256991,0.174172,55.7356,0.0398238,0.0139215,-55.7863
1.564,6.74014,0.0260471,0.173705,54.523,0.0398582,0.0226936,-54.5749
1.566,6.75297,0.0263942,0.173193,53.3864,0.0399103,0.031692,-53.4395
1.568,6.76255,0.0267402,0.172638,52.3279,0.0399806,0.0409012,-52.382
1.57,6.7732,0.027085,0.17204,51.3494,0.0400694,0.0503051,-51.4045
1.572,6.78544,0.0274286,0.171402,50.4526,0.0401772,0.0598875,-50.5085
1.574,6.79446,0.0277709,0.170726,49.6392,0.0403042,0.0696318,-49.6959
1.576,6.80683,0.0281118,0.170013,48.9105,0.0404509,0.079521,-48.9679
1.578,6.81565,0.0284513,0.169265,48.268,0.0406174,0.0895379,-48.326
1.58,6.82787,0.0287892,0.168483,47.7128,0.0408041,0.0996653,-47.7712
1.582,6.83774,0.0291256,0.16767,47.2458,0.0410111,0.109885,-47.3046
1.584,6.84835,0.0294603,0.166828,46.868,0.0412386,0.12018,-46.9271
1.586,6.8587,0.0297933,0.165958,46.5799,0.0414867,0.130533,-46.6392
1.588,6.8695,0.0301246,0.165062,46.3822,0.0417555,0.140924,-46.4416
1.59,6.88179,0.030454,0.164142,46.2752,0.0420452,0.151336,-46.3346
1.592,6.89067,0.0307816,0.163201,46.2592,0.0423557,0.161751,-46.3184
1.594,6.90449,0.0311073,0.162239,46.334,0.042687,0.172151,-46.393
1.596,6.91303,0.031431,0.161259,46.4997,0.0430391,0.182517,-46.5584
1.598,6.92492,0.0317528,0.160264,46.756,0.0434118,0.192832,-46.8142
1.6,6.93609,0.0320726,0.159254,47.1024,0.0438052,0.203077,-47.1601
1.602,6.9457,0.0323903,0.158232,47.5383,0.044219,0.213235,-47.5954
1.604,6.95733,0.032706,0.157199,48.063,0.044653,0.223288,-48.1194
1.606,6.96821,0.0330196,0.156159,48.6756,0.0451071,0.233219,-48.7311
1.608,6.98016,0.0333312,0.155111,49.375,0.0455809,0.243009,-49.4296
1.61,6.99174,0.0336406,0.154059,50.16,0.0460741,0.252643,-50.2136
1.612,7.00455,0.0339479,0.153004,51.0293,0.0465865,0.262103,-51.0818
1.614,7.01424,0.0342531,0.151949,51.9813,0.0471177,0.271373,-52.0326
1.616,7.02637,0.0345562,0.150894,53.0144,0.0476673,0.280436,-53.0644
1.618,7.0388,0.0348572,0.149841,54.1268,0.0482348,0.289277,-54.1754
1.62,7.04943,0.0351561,0.148793,55.3165,0.0488199,0.297881,-55.3637
1.622,7.06111,0.0354529,0.14775,56.5816,0.049422,0.306232,-56.6272
1.624,7.07103,0.0357477,0.146716,57.9197,0.0500405,0.314315,-57.9637
1.626,7.0825,0.0360403,0.14569,59.3287,0.0506751,0.322118,-59.3709
1.628,7.09294,0.0363309,0.144675,60.806,0.051325,0.329625,-60.8465
1.63,7.10418,0.0366195,0.143672,62.3491,0.0519897,0.336825,-62.3877
1.632,7.11651,0.0369061,0.142683,63.9553,0.0526685,0.343703,-63.992
1.634,7.12817,0.0371908,0.141709,65.6219,0.0533609,0.35025,-65.6566
1.636,7.13957,0.0374735,0.140751,67.3459,0.0540661,0.356452,-67.3785
1.638,7.15033,0.0377543,0.139811,69.1244,0.0547834,0.362299,-69.1549
1.64,7.16095,0.0380332,0.13889,70.9543,0.0555122,0.367781,-70.9827
1.642,7.17072,0.0383103,0.137988,72.8325,0.0562517,0.372888,-72.8587
1.644,7.18449,0.0385856,0.137108,74.7557,0.057001,0.377611,-74.7796
1.646,7.19579,0.0388592,0.13625,76.7206,0.0577596,0.381943,-76.7422
1.648,7.20491,0.039131,0.135414,78.7239,0.0585265,0.385875,-78.7431
1.65,7.21674,0.0394012,0.134603,80.762,0.0593009,0.3894,-80.7789
1.652,7.22652,0.0396699,0.133816,82.8316,0.0600821,0.392512,-82.846
1.654,7.23865,0.0399369,0.133055,84.9289,0.0608692,0.395206,-84.9409
1.656,7.25054,0.0402025,0.132319,87.0506,0.0616614,0.397477,-87.06
1.658,7.26409,0.0404666,0.13161,89.1928,0.0624578,0.399321,-89.1998
1.66,7.27423,0.0407293,0.130929,91.352,0.0632576,0.400734,-91.3564
1.662,7.28699,0.0409906,0.130275,93.5244,0.0640599,0.401714,-93.5263
1.664,7.29547,0.0412507,0.129648,95.7064,0.0648638,0.402258,-95.7058
1.666,7.30915,0.0415096,0.12905,97.8943,0.0656684,0.402367,-97.8911
1.668,7.31828,0.0417672,0.128481,100.084,0.066473,0.402039,-100.079
1.67,7.33169,0.0420238,0.127939,102.273,0.0672766,0.401274,-102.264
1.672,7.34435,0.0422793,0.127427,104.456,0.0680783,0.400075,-104.445
1.674,7.35674,0.0425338,0.126942,106.63,0.0688773,0.398442,-106.616
1.676,7.36611,0.0427873,0.126487,108.791,0.0696727,0.396379,-108.775
1.678,7.37981,0.0430399,0.126059,110.936,0.0704636,0.393888,-110.918
1.68,7.38833,0.0432918,0.125659,113.061,0.0712493,0.390973,-113.04
1.682,7.40286,0.0435428,0.125287,115.163,0.0720288,0.38764,-115.139
1.684,7.41144,0.0437931,0.124941,117.237,0.0728013,0.383894,-117.212
1.686,7.42446,0.0440427,0.124623,119.281,0.0735661,0.379741,-119.253
1.688,7.43611,0.0442918,0.12433,121.291,0.0743222,0.375187,-121.261
1.69,7.44706,0.0445402,0.124063,123.264,0.0750689,0.370241,-123.231
1.692,7.4608,0.0447882,0.123821,125.196,0.0758055,0.36491,-125.161
1.694,7.47036,0.0450356,0.123602,127.085,0.0765311,0.359203,-127.047
1.696,7.48179,0.0452827,0.123407,128.926,0.077245,0.353129,-128.887
1.698,7.49476,0.0455294,0.123234,130.718,0.0779465,0.346699,-130.676
1.7,7.50817,0.0457757,0.123082,132.456,0.0786348,0.339924,-132.413
1.702,7.51932,0.0460218,0.12295,134.139,0.0793094,0.332813,-134.094
1.704,7.53236,0.0462676,0.122837,135.764,0.0799695,0.32538,-135.716
1.706,7.54205,0.0465132,0.122742,137.327,0.0806145,0.317636,-137.278
1.708,7.55318,0.0467586,0.122664,138.827,0.0812438,0.309594,-138.776
1.71,7.56502,0.0470039,0.122601,140.26,0.0818568,0.301267,-140.208
1.712,7.57855,0.0472491,0.122552,141.626,0.0824529,0.292669,-141.572
1.714,7.58716,0.0474941,0.122517,142.921,0.0830316,0.283814,-142.865
1.716,7.60037,0.0477391,0.122492,144.143,0.0835925,0.274717,-144.086
1.718,7.61302,0.0479841,0.122478,145.291,0.084135,0.265392,-145.232
1.72,7.62224,0.0482291,0.122471,146.362,0.0846586,0.255855,-146.303
1.722,7.63487,0.048474,0.122472,147.356,0.0851631,0.246122,-147.295
1.724,7.64877,0.048719,0.122478,148.271,0.0856479,0.236207,-148.209
1.726,7.66054,0.0489639,0.122488,149.104,0.0861128,0.226128,-149.041
1.728,7.67102,0.0492089,0.122501,149.856,0.0865574,0.215901,-149.792
1.73,7.68406,0.0494539,0.122513,150.525,0.0869814,0.205542,-150.46
1.732,7.69476,0.049699,0.122525,151.11,0.0873847,0.195069,-151.045
1.734,7.70792,0.049944,0.122534,151.61,0.0877669,0.184497,-151.544
1.736,7.71811,0.0501891,0.122538,152.025,0.0881279,0.173845,-151.959
1.738,7.73283,0.0504342,0.122536,152.355,0.0884676,0.163129,-152.288
1.74,7.74375,0.0506792,0.122527,152.598,0.0887858,0.152366,-152.531
1.742,7.7535,0.0509243,0.122507,152.755,0.0890824,0.141575,-152.687
1.744,7.76805,0.0511693,0.122476,152.826,0.0893575,0.130771,-152.758
1.746,7.77863,0.0514142,0.122433,152.81,0.0896109,0.119973,-152.743
1.748,7.79055,0.051659,0.122374,152.709,0.0898428,0.109197,-152.641
1.75,7.80096,0.0519037,0.122299,152.523,0.0900531,0.0984613,-152.455
1.752,7.81585,0.0521482,0.122206,152.251,0.090242,0.0877818,-152.184
1.754,7.82645,0.0523926,0.122093,151.896,0.0904096,0.0771757,-151.829
1.756,7.83674,0.0526366,0.121958,151.457,0.090556,0.0666596,-151.391
1.758,7.85076,0.0528804,0.1218,150.937,0.0906815,0.05625,-150.871
1.76,7.86215,0.0531239,0.121618,150.335,0.0907863,0.045963,-150.27
1.762,7.87568,0.053367,0.121409,149.654,0.0908706,0.0358146,-149.589
1.764,7.88633,0.0536096,0.121172,148.894,0.0909347,0.0258205,-148.83
1.766,7.89756,0.0538518,0.120905,148.058,0.0909789,0.0159959,-147.995
1.768,7.91014,0.0540934,0.120608,147.147,0.0910037,0.00635586,-147.085
1.77,7.92215,0.0543344,0.120278,146.163,0.0910093,-0.00308502,-146.102
1.772,7.93392,0.0545746,0.119914,145.108,0.0909962,-0.0123125,-145.049
1.774,7.94602,0.0548142,0.119515,143.984,0.0909647,-0.0213128,-143.926
1.776,7.95797,0.0550529,0.11908,142.794,0.0909155,-0.0300726,-142.736
1.778,7.96851,0.0552907,0.118606,141.539,0.0908489,-0.0385789,-141.483
1.78,7.98216,0.0555275,0.118094,140.221,0.0907656,-0.0468194,-140.167
1.782,7.99576,0.0557633,0.117541,138.845,0.0906659,-0.0547821,-138.792
1.784,8.00649,0.055998,0.116947,137.411,0.0905505,-0.0624558,-137.36
1.786,8.01998,0.0562314,0.11631,135.924,0.09042,-0.0698294,-135.874
1.788,8.03057,0.0564635,0.11563,134.385,0.090275,-0.0768929,-134.337
1.79,8.04574,0.0566942,0.114906,132.798,0.0901161,-0.0836366,-132.752
1.792,8.0554,0.0569235,0.114136,131.166,0.089944,-0.0900512,-131.121
1.794,8.0703,0.0571511,0.11332,129.491,0.0897593,-0.0961285,-129.448
1.796,8.08128,0.0573771,0.112457,127.777,0.0895627,-0.101861,-127.736
1.798,8.09368,0.0576014,0.111547,126.028,0.0893549,-0.10724,-125.988
1.8,8.10422,0.0578238,0.110589,124.245,0.0891366,-0.112261,-124.208
1.802,8.1191,0.0580442,0.109582,122.433,0.0889085,-0.116916,-122.398
1.804,8.13232,0.0582626,0.108526,120.595,0.0886714,-0.121202,-120.562
1.806,8.14467,0.0584788,0.10742,118.735,0.088426,-0.125113,-118.704
1.808,8.15563,0.0586928,0.106264,116.855,0.0881731,-0.128645,-116.826
1.81,8.16737,0.0589044,0.105059,114.96,0.0879134,-0.131796,-114.933
1.812,8.17875,0.0591136,0.103803,113.052,0.0876476,-0.134563,-113.027
1.814,8.19247,0.0593202,0.102497,111.136,0.0873767,-0.136944,-111.113
1.816,8.20359,0.0595242,0.10114,109.214,0.0871012,-0.138938,-109.193
1.818,8.21733,0.0597254,0.0997331,107.291,0.0868221,-0.140544,-107.272
1.82,8.23135,0.0599238,0.098276,105.369,0.08654,-0.141764,-105.352
1.822,8.24415,0.0601193,0.0967688,103.452,0.0862558,-0.142598,-103.438
1.824,8.25675,0.0603116,0.095212,101.544,0.0859702,-0.143047,-101.532
1.826,8.26759,0.0605009,0.0936059,99.6487,0.085684,-0.143115,-99.6383
1.828,8.27998,0.0606868,0.0919508,97.7685,0.0853979,-0.142804,-97.7602
1.83,8.29372,0.0608695,0.0902473,95.9073,0.0851128,-0.142118,-95.9011
1.832,8.30473,0.0610487,0.0884961,94.0684,0.0848293,-0.141062,-94.0642
1.834,8.3187,0.0612243,0.0866977,92.2552,0.0845482,-0.13964,-92.2529
1.836,8.32823,0.0613963,0.0848529,90.4708,0.0842702,-0.137858,-90.4705
1.838,8.34378,0.0615646,0.0829624,88.7184,0.083996,-0.135724,-88.7201
1.84,8.35449,0.0617291,0.0810272,87.0013,0.0837264,-0.133243,-87.0048
1.842,8.36708,0.0618897,0.0790482,85.3224,0.0834619,-0.130424,-85.3278
1.844,8.37793,0.0620463,0.0770263,83.6848,0.0832034,-0.127274,-83.6919
1.846,8.39517,0.0621988,0.0749627,82.0913,0.0829514,-0.123803,-82.1002
1.848,8.40768,0.0623471,0.0728585,80.5449,0.0827066,-0.120019,-80.5554
1.85,8.41996,0.0624912,0.0707149,79.0481,0.0824696,-0.115934,-79.0603
1.852,8.43098,0.062631,0.068533,77.6038,0.0822409,-0.111557,-77.6176
1.854,8.44356,0.0627665,0.0663143,76.2143,0.0820213,-0.106899,-76.2296
1.856,8.45632,0.0628974,0.0640601,74.8823,0.0818111,-0.101971,-74.899
1.858,8.46888,0.0630238,0.0617719,73.6099,0.081611,-0.0967867,-73.6281
1.86,8.48185,0.0631456,0.059451,72.3995,0.0814215,-0.091357,-72.419
1.862,8.4954,0.0632628,0.057099,71.2531,0.081243,-0.0856951,-71.2739
1.864,8.50641,0.0633752,0.0547174,70.1728,0.081076,-0.0798142,-70.1947
1.866,8.519,0.0634828,0.052308,69.1604,0.0809209,-0.0737278,-69.1834
1.868,8.53469,0.0635856,0.0498722,68.2177,0.0807781,-0.0674499,-68.2417
1.87,8.54718,0.0636835,0.0474119,67.3463,0.080648,-0.0609946,-67.3713
1.872,8.55807,0.0637765,0.0449287,66.5476,0.080531,-0.0543766,-66.5735
1.874,8.57078,0.0638644,0.0424243,65.8231,0.0804273,-0.0476107,-65.8498
1.876,8.58191,0.0639474,0.0399007,65.174,0.0803372,-0.0407119,-65.2014
1.878,8.59504,0.0640253,0.0373595,64.6013,0.080261,-0.0336954,-64.6293
1.88,8.60707,0.0640981,0.0348026,64.1061,0.080199,-0.0265768,-64.1346
1.882,8.6213,0.0641658,0.0322318,63.689,0.0801512,-0.0193717,-63.718
1.884,8.63396,0.0642283,0.0296491,63.3509,0.0801179,-0.0120958,-63.3803
1.886,8.64496,0.0642857,0.0270563,63.0922,0.0800992,-0.00476499,-63.1218
1.888,8.65762,0.0643378,0.0244554,62.9133,0.0800952,0.00260476,-62.9431
1.89,8.672,0.0643848,0.0218482,62.8144,0.080106,0.00999749,-62.8443
1.892,8.68697,0.0644265,0.0192366,62.7957,0.0801315,0.0173972,-62.8256
1.894,8.69817,0.064463,0.0166225,62.8571,0.0801718,0.0247878,-62.8869
1.896,8.71059,0.0644943,0.014008,62.9983,0.0802269,0.0321534,-63.028
1.898,8.72189,0.0645204,0.0113948,63.2192,0.0802968,0.0394781,-63.2486
1.9,8.73718,0.0645412,0.00878498,63.5191,0.0803812,0.0467461,-63.5482
1.902,8.74936,0.0645568,0.00618031,63.8976,0.0804801,0.0539416,-63.9262
1.904,8.7662,0.0645672,0.00358271,64.3538,0.0805933,0.0610493,-64.3819
1.906,8.77904,0.0645725,0.000994055,64.8868,0.0807207,0.0680536,-64.9143
1.908,8.79034,0.0645725,-0.00158381,65.4956,0.080862,0.0749396,-65.5225
1.91,8.80315,0.0645674,-0.00414907,66.1791,0.0810169,0.0816921,-66.2052
1.912,8.81762,0.0645572,-0.00669991,66.936,0.0811853,0.0882967,-66.9612
1.914,8.8272,0.0645419,-0.00923456,67.7647,0.0813667,0.0947388,-67.7891
1.916,8.84168,0.0645215,-0.0117513,68.6639,0.0815609,0.101005,-68.6873
1.918,8.85389,0.0644962,-0.0142484,69.6318,0.0817675,0.10708,-69.6541
1.92,8.86773,0.0644658,-0.0167241,70.6666,0.0819861,0.112952,-70.6878
1.922,8.88242,0.0644305,-0.0191769,71.7664,0.0822163,0.118608,-71.7864
1.924,8.89375,0.0643903,-0.0216052,72.9292,0.0824576,0.124034,-72.9479
1.926,8.90683,0.0643453,-0.0240073,74.1529,0.0827096,0.129219,-74.1702
1.928,8.91978,0.0642955,-0.0263819,75.4351,0.0829718,0.134151,-75.451
1.93,8.93298,0.064241,-0.0287273,76.7736,0.0832437,0.138819,-76.788
1.932,8.94608,0.0641818,-0.0310423,78.1659,0.0835246,0.143211,-78.1788
1.934,8.95916,0.064118,-0.0333255,79.6096,0.0838142,0.147319,-79.6209
1.936,8.97371,0.0640497,-0.0355756,81.1018,0.0841117,0.151131,-81.1115
1.938,8.98504,0.0639768,-0.0377912,82.6401,0.0844167,0.15464,-82.6481
1.94,8.99797,0.0638996,-0.0399714,84.2215,0.0847284,0.157835,-84.2278
1.942,9.01096,0.0638181,-0.0421148,85.8432,0.0850463,0.16071,-85.8477
1.944,9.03382,0.0637322,-0.0442205,87.5024,0.0853697,0.163256,-87.505
1.946,9.07294,0.0636422,-0.0462874,89.1959,0.0856979,0.165467,-89.1967
1.948,9.1129,0.0635481,-0.0483147,90.9207,0.0860303,0.167337,-90.9197
1.95,9.14582,0.06345,-0.0503014,92.6739,0.0863661,0.16886,-92.6709
1.952,9.1745,0.0633479,-0.0522467,94.4521,0.0867048,0.17003,-94.4471
1.954,9.20367,0.063242,-0.0541499,96.2522,0.0870455,0.170844,-96.2453
1.956,9.22699,0.0631323,-0.0560104,98.071,0.0873876,0.171297,-98.0621
1.958,9.25006,0.0630189,-0.0578275,99.9053,0.0877303,0.171388,-99.8944
1.96,9.27327,0.0629019,-0.0596007,101.752,0.0880729,0.171112,-101.739
1.962,9.29721,0.0627814,-0.0613296,103.607,0.0884147,0.170469,-103.592
1.964,9.32059,0.0626575,-0.0630137,105.468,0.088755,0.169457,-105.451
1.966,9.33869,0.0625302,-0.0646528,107.331,0.0890929,0.168076,-107.312
1.968,9.3503,0.0623997,-0.0662466,109.193,0.0894278,0.166326,-109.172
1.97,9.36308,0.0622661,-0.067795,111.05,0.0897589,0.164208,-111.027
1.972,9.37794,0.0621293,-0.0692978,112.9,0.0900855,0.161723,-112.875
1.974,9.38958,0.0619896,-0.070755,114.739,0.0904069,0.158875,-114.712
1.976,9.40279,0.0618471,-0.0721666,116.564,0.0907223,0.155664,-116.535
1.978,9.41606,0.0617017,-0.0735329,118.371,0.091031,0.152096,-118.34
1.98,9.42944,0.0615536,-0.0748539,120.157,0.0913323,0.148173,-120.124
1.982,9.44386,0.061403,-0.0761299,121.92,0.0916255,0.143902,-121.885
1.984,9.45916,0.0612498,-0.0773613,123.656,0.0919099,0.139287,-123.619
1.986,9.47264,0.0610942,-0.0785484,125.361,0.0921848,0.134334,-125.323
1.988,9.48803,0.0609362,-0.0796916,127.034,0.0924496,0.129049,-126.994
1.99,9.50131,0.060776,-0.0807916,128.671,0.0927035,0.123441,-128.629
1.992,9.5145,0.0606136,-0.0818489,130.269,0.092946,0.117516,-130.225
1.994,9.52731,0.0604491,-0.0828641,131.825,0.0931764,0.111284,-131.78
1.996,9.54025,0.0602827,-0.083838,133.337,0.0933941,0.104752,-133.29
