"sep=,"
"time", "wallTime", "model.tlm3d.wc2.P.x[1]", "model.tlm3d.wc2.P.x[2]", "model.tlm3d.wc2.P.x[3]", "model.tlm3d.wc2.P.A[1,1]", "model.tlm3d.wc2.P.A[1,2]", "model.tlm3d.wc2.P.A[1,3]", "model.tlm3d.wc2.P.A[2,1]", "model.tlm3d.wc2.P.A[2,2]", "model.tlm3d.wc2.P.A[2,3]", "model.tlm3d.wc2.P.A[3,1]", "model.tlm3d.wc2.P.A[3,2]", "model.tlm3d.wc2.P.A[3,3]", "model.tlm3d.wc2.P.v[1]", "model.tlm3d.wc2.P.v[2]", "model.tlm3d.wc2.P.v[3]", "model.tlm3d.wc2.P.w[1]", "model.tlm3d.wc2.P.w[2]", "model.tlm3d.wc2.P.w[3]", "model.tlm3d.wc2.P.f[1]", "model.tlm3d.wc2.P.f[2]", "model.tlm3d.wc2.P.f[3]", "model.tlm3d.wc2.P.t[1]", "model.tlm3d.wc2.P.t[2]", "model.tlm3d.wc2.P.t[3]", "model.tlm3d.wc2.x1", "model.tlm3d.wc2.x2", "model.tlm3d.wc2.x3", "model.tlm3d.wc2.A11", "model.tlm3d.wc2.A12", "model.tlm3d.wc2.A13", "model.tlm3d.wc2.A21", "model.tlm3d.wc2.A22", "model.tlm3d.wc2.A23", "model.tlm3d.wc2.A31", "model.tlm3d.wc2.A32", "model.tlm3d.wc2.A33", "model.tlm3d.wc2.v1", "model.tlm3d.wc2.v2", "model.tlm3d.wc2.v3", "model.tlm3d.wc2.w1", "model.tlm3d.wc2.w2", "model.tlm3d.wc2.w3", "model.tlm3d.wc2.pendulum.A[1,1]", "model.tlm3d.wc2.pendulum.A[1,2]", "model.tlm3d.wc2.pendulum.A[1,3]", "model.tlm3d.wc2.pendulum.A[2,1]", "model.tlm3d.wc2.pendulum.A[2,2]", "model.tlm3d.wc2.pendulum.A[2,3]", "model.tlm3d.wc2.pendulum.A[3,1]", "model.tlm3d.wc2.pendulum.A[3,2]", "model.tlm3d.wc2.pendulum.A[3,3]", "model.tlm3d.wc2.pendulum.r[1]", "model.tlm3d.wc2.pendulum.r[2]", "model.tlm3d.wc2.pendulum.r[3]", "model.tlm3d.wc2.pendulum.v[1]", "model.tlm3d.wc2.pendulum.v[2]", "model.tlm3d.wc2.pendulum.v[3]", "model.tlm3d.wc2.pendulum.w[1]", "model.tlm3d.wc2.pendulum.w[2]", "model.tlm3d.wc2.pendulum.w[3]", "model.tlm3d.wc1.P.x[1]", "model.tlm3d.wc1.P.x[2]", "model.tlm3d.wc1.P.x[3]", "model.tlm3d.wc1.P.A[1,1]", "model.tlm3d.wc1.P.A[1,2]", "model.tlm3d.wc1.P.A[1,3]", "model.tlm3d.wc1.P.A[2,1]", "model.tlm3d.wc1.P.A[2,2]", "model.tlm3d.wc1.P.A[2,3]", "model.tlm3d.wc1.P.A[3,1]", "model.tlm3d.wc1.P.A[3,2]", "model.tlm3d.wc1.P.A[3,3]", "model.tlm3d.wc1.P.v[1]", "model.tlm3d.wc1.P.v[2]", "model.tlm3d.wc1.P.v[3]", "model.tlm3d.wc1.P.w[1]", "model.tlm3d.wc1.P.w[2]", "model.tlm3d.wc1.P.w[3]", "model.tlm3d.wc1.P.f[1]", "model.tlm3d.wc1.P.f[2]", "model.tlm3d.wc1.P.f[3]", "model.tlm3d.wc1.P.t[1]", "model.tlm3d.wc1.P.t[2]", "model.tlm3d.wc1.P.t[3]", "model.tlm3d.wc1.x1", "model.tlm3d.wc1.x2", "model.tlm3d.wc1.x3", "model.tlm3d.wc1.A11", "model.tlm3d.wc1.A12", "model.tlm3d.wc1.A13", "model.tlm3d.wc1.A21", "model.tlm3d.wc1.A22", "model.tlm3d.wc1.A23", "model.tlm3d.wc1.A31", "model.tlm3d.wc1.A32", "model.tlm3d.wc1.A33", "model.tlm3d.wc1.v1", "model.tlm3d.wc1.v2", "model.tlm3d.wc1.v3", "model.tlm3d.wc1.w1", "model.tlm3d.wc1.w2", "model.tlm3d.wc1.w3", "model.tlm3d.wc1.pendulum.A[1,1]", "model.tlm3d.wc1.pendulum.A[1,2]", "model.tlm3d.wc1.pendulum.A[1,3]", "model.tlm3d.wc1.pendulum.A[2,1]", "model.tlm3d.wc1.pendulum.A[2,2]", "model.tlm3d.wc1.pendulum.A[2,3]", "model.tlm3d.wc1.pendulum.A[3,1]", "model.tlm3d.wc1.pendulum.A[3,2]", "model.tlm3d.wc1.pendulum.A[3,3]", "model.tlm3d.wc1.pendulum.r[1]", "model.tlm3d.wc1.pendulum.r[2]", "model.tlm3d.wc1.pendulum.r[3]", "model.tlm3d.wc1.pendulum.v[1]", "model.tlm3d.wc1.pendulum.v[2]", "model.tlm3d.wc1.pendulum.v[3]", "model.tlm3d.wc1.pendulum.w[1]", "model.tlm3d.wc1.pendulum.w[2]", "model.tlm3d.wc1.pendulum.w[3]"
0, 0.000359508, 0, 0, 0, 0, 0, 0, 0, 0, 0, 0, 0, 0, 0, 0, 0, 0, 0, 0, 0, 0, 0, 0, 0, 0, 0, 0, 0, 0, 0, 0, 0, 0, 0, 0, 0, 0, 0, 0, 0, 0, 0, 0, 0, 0, 0, 0, 0, 0, 0, 0, 0, 0, 0, 0, 0, 0, 0, 0, 0, 0, 0, 0, 0, 0, 0, 0, 0, 0, 0, 0, 0, 0, 0, 0, 0, 0, 0, 0, 0, 0, 0, 0, 0, 0, 0, 0, 0, 0, 0, 0, 0, 0, 0, 0, 0, 0, 0, 0, 0, 0, 0, 0, 0, 0, 0, 0, 0, 0, 0, 0, 0, 0, 0, 0, 0, 0, 0, 0, 0, 0
0.002, 5.775676746, -2.81285224562e-07, 0, 7.32521348415e-06, 0, 2.19647318952e-05, 0, 1, 0, -2.19647318952e-05, 0, 0.999999999759, 3.4090529563e-322, 0, 0.0084781310393, 1.82804288961e-322, -0.00950797785541, 0, 1.82804288961e-322, 0, 8.53454582849, 0, 0, 8.53454582849, 0, -2.81285224562e-07, 0, 7.32521348415e-06, 0.999999999759, 0, 2.19647318952e-05, 0, 1, 0, -2.19647318952e-05, 0, 0.999999999759, 0.000225904669768, 0, 0.0084781310393, 0, -0.00950797785541, 0, 0.999999999758, 0, 2.20122717845e-05, 0, 1, 0, -2.20122717845e-05, 0, 0.999999999758, -2.80155701213e-07, 0, 7.36760413934e-06, 0.000227040542777, 0, 0.00850027012518, 0, -0.00951504546689, 0, -7.50423740805e-06, 0, 0.499999999944, 0, 1.50084748161e-05, 0, 1, 0, -1.50084748161e-05, 0, 0.999999999887, 3.4090529563e-322, 0, -1.25733398154e-07, 1.82804288961e-322, -0.0167549867251, 0, 1.82804288961e-322, 0, -18.3686871229, 0, 0, -18.3686871229, 0, -7.50423740805e-06, 0, 0.499999999944, 0.999999999887, 0, 1.50084748161e-05, 0, 1, 0, -1.50084748161e-05, 0, 0.999999999887, -0.00837749336162, 0, -1.25733398154e-07, 0, -0.0167549867251, 0, 0.999999999886, 0, 1.50922497497e-05, 0, 1, 0, -1.50922497497e-05, 0, 0.999999999886, -7.54612487486e-06, 0, 0.499999999943, -0.00839913539115, 0, -1.26761849019e-07, 0, -0.0167982707842, 0
0.004005, 5.892560266, -2.62804506705e-07, 0, 3.09407270611e-05, 0, 6.85630433897e-05, 0, 1, 0, -6.85630433897e-05, 0, 0.99999999765, 3.4090529563e-322, 0, 0.015269016387, 1.82804288961e-322, -0.0358188752304, 0, 1.82804288961e-322, 0, 8.96101185864, 0, 0, 8.96101185864, 0, -2.62804506705e-07, 0, 3.09407270611e-05, 0.99999999765, 0, 6.85630433897e-05, 0, 1, 0, -6.85630433897e-05, 0, 0.99999999765, -0.000161263284212, 0, 0.015269016387, 0, -0.0358188752304, 0, 0.999999997637, 0, 6.87421377655e-05, 0, 1, 0, -6.87421377655e-05, 0, 0.999999997637, -2.63610823126e-07, 0, 3.10170721431e-05, -0.00015998566743, 0, 0.0152920367891, 0, -0.0358226411773, 0, -3.11122070224e-05, 0, 0.499999999032, 0, 6.22244140447e-05, 0, 1, 0, -6.22244140447e-05, 0, 0.999999998064, 3.4090529563e-322, 0, -9.54488495368e-07, 2.61854792296e-322, -0.0306789066646, 0, 2.61854792296e-322, 0, -18.9227638481, 0, 0, -18.9227638481, 0, -3.11122070224e-05, 0, 0.499999999032, 0.999999998064, 0, 6.22244140447e-05, 0, 1, 0, -6.22244140447e-05, 0, 0.999999998064, -0.0153394533026, 0, -9.54488495368e-07, 0, -0.0306789066646, 0, 0.999999998055, 0, 6.23778085778e-05, 0, 1, 0, -6.23778085778e-05, 0, 0.999999998055, -3.11889042889e-05, 0, 0.499999999027, -0.0153618974457, 0, -9.58241500122e-07, 0, -0.0307237949511, 0
0.008005, 6.158971743, -2.53129234748e-07, 0, 0.0001248334384, 0, 0.000255545287064, 0, 1, 0, -0.000255545287064, 0, 0.999999967348, 3.4090529563e-322, 0, 0.0315273021589, 2.61854792296e-322, -0.0596353149831, 0, 1.82804288961e-322, 0, 7.81859062441, 0, 0, 7.81859062441, 0, -2.53129234748e-07, 0, 0.0001248334384, 0.999999967348, 0, 0.000255545287064, 0, 1, 0, -0.000255545287064, 0, 0.999999967348, 9.58517321535e-05, 0, 0.0315273021589, 0, -0.0596353149831, 0, 0.999999967272, 0, 0.00025584346363, 0, 1, 0, -0.00025584346363, 0, 0.999999967272, -2.52649976088e-07, 0, 0.000124991074911, 9.61747548554e-05, 0, 0.0315475235751, 0, -0.0596646481284, 0, -0.000124993659024, 0, 0.499999984377, 0, 0.000249987318047, 0, 1, 0, -0.000249987318047, 0, 0.999999968753, 3.4090529563e-322, 0, -7.86988670342e-06, 2.07507571253e-322, -0.062962186431, 0, 1.82804288961e-322, 0, -15.8892695925, 0, 0, -15.8892695925, 0, -0.000124993659024, 0, 0.499999984377, 0.999999968753, 0, 0.000249987318047, 0, 1, 0, -0.000249987318047, 0, 0.999999968753, -0.0314810922318, 0, -7.86988670342e-06, 0, -0.062962186431, 0, 0.999999968674, 0, 0.000250302128969, 0, 1, 0, -0.000250302128969, 0, 0.999999968674, -0.000125151064485, 0, 0.499999984337, -0.0315011697857, 0, -7.88482274186e-06, 0, -0.0630023683682, 0
0.012005, 6.354124871, -2.64934014697e-07, 0, 0.00028107964153, 0, 0.000566340273742, 0, 1, 0, -0.000566340273742, 0, 0.999999839629, 3.4090529563e-322, 0, 0.0467809296637, 2.61854792296e-322, -0.0940676509378, 0, 1.82804288961e-322, 0, 6.91514425257, 0, 0, 6.91514425257, 0, -2.64934014697e-07, 0, 0.00028107964153, 0.999999839629, 0, 0.000566340273742, 0, 1, 0, -0.000566340273742, 0, 0.999999839629, -4.1581806134e-05, 0, 0.0467809296637, 0, -0.0940676509378, 0, 0.999999839363, 0, 0.000566810611921, 0, 1, 0, -0.000566810611921, 0, 0.999999839363, -2.65141923727e-07, 0, 0.000281313546179, -4.22516220985e-05, 0, 0.0467987566091, 0, -0.0941243236643, 0, -0.000281217303286, 0, 0.499999920917, 0, 0.000562434606572, 0, 1, 0, -0.000562434606572, 0, 0.999999841833, 3.4090529563e-322, 0, -2.63152438215e-05, 1.82804288961e-322, -0.0935761298057, 0, 1.82804288961e-322, 0, -12.8356185878, 0, 0, -12.8356185878, 0, -0.000281217303286, 0, 0.499999920917, 0.999999841833, 0, 0.000562434606572, 0, 1, 0, -0.000562434606572, 0, 0.999999841833, -0.0467880575025, 0, -2.63152438215e-05, 0, -0.0935761298057, 0, 0.99999984157, 0, 0.000562902487147, 0, 1, 0, -0.000562902396581, 0, 0.99999984157, -0.00028145119829, 0, 0.499999920785, -0.0468061631154, 0, -2.63473140426e-05, 0, -0.0936123410618, 0
0.016005, 6.552102405, -4.76566387427e-07, 0, 0.000499410380152, 0, 0.00100436462591, 0, 1, 0, -0.00100436462591, 0, 0.999999495626, 3.4090529563e-322, 0, 0.062353039017, 1.82804288961e-322, -0.125489566446, 0, 2.61854792296e-322, 0, 7.87486432341, 0, 0, 7.87486432341, 0, -4.76566387427e-07, 0, 0.000499410380152, 0.999999495626, 0, 0.00100436462591, 0, 1, 0, -0.00100436462591, 0, 0.999999495626, -8.60543795608e-05, 0, 0.062353039017, 0, -0.125489566446, 0, 0.999999494995, 0, 0.00100499207342, 0, 1, 0, -0.00100499207342, 0, 0.999999494995, -4.76996659325e-07, 0, 0.000499722145347, -8.5808026097e-05, 0, 0.0623733526865, 0, -0.125520117753, 0, -0.000499566423689, 0, 0.499999750433, 0, 0.000999132847377, 0, 1, 0, -0.000999132847377, 0, 0.999999500866, 3.4090529563e-322, 0, -6.2309437224e-05, 1.82804288961e-322, -0.12472700664, 0, 1.82804288961e-322, 0, -15.7831179817, 0, 0, -15.7831179817, 0, -0.000499566423689, 0, 0.499999750433, 0.999999500866, 0, 0.000999132847377, 0, 1, 0, -0.000999132847377, 0, 0.999999500866, -0.0623634721922, 0, -6.2309437224e-05, 0, -0.12472700664, 0, 0.999999500243, 0, 0.000999756381215, 0, 1, 0, -0.000999756381215, 0, 0.999999500243, -0.000499878190608, 0, 0.499999750122, -0.062383646721, 0, -6.23684800618e-05, 0, -0.124767355795, 0
0.02, 6.747110939, -8.24886186472e-07, 0, 0.000779839921142, 0, 0.00156488541382, 0, 1, 0, -0.00156488541382, 0, 0.999998775566, 3.4090529563e-322, 0, 0.0780384250907, 1.82804288961e-322, -0.155400095909, 0, 1.82804288961e-322, 0, 7.54297080765, 0, 0, 7.54297080765, 0, -8.24886186472e-07, 0, 0.000779839921142, 0.999998775566, 0, 0.00156488541382, 0, 1, 0, -0.00156488541382, 0, 0.999998775566, -0.000101158108986, 0, 0.0780384250907, 0, -0.155400095909, 0, 0.99999877435, 0, 0.00156566241335, 0, 1, 0, -0.00156566241335, 0, 0.99999877435, -8.25391977017e-07, 0, 0.000780230113268, -0.000101238274321, 0, 0.0780579231327, 0, -0.155438730263, 0, -0.000779991297377, 0, 0.499999391613, 0, 0.00155998259475, 0, 1, 0, -0.00155998259475, 0, 0.999998783226, 3.4090529563e-322, 0, -0.000121724489935, 2.61854792296e-322, -0.156058779558, 0, 1.82804288961e-322, 0, -14.8239892112, 0, 0, -14.8239892112, 0, -0.000779991297377, 0, 0.499999391613, 0.999998783226, 0, 0.00155998259475, 0, 1, 0, -0.00155998259475, 0, 0.999998783226, -0.078029294835, 0, -0.000121724489935, 0, -0.156058779558, 0, 0.999998782009, 0, 0.0015607628877, 0, 1, 0, -0.0015607628877, 0, 0.999998782009, -0.000780381443851, 0, 0.499999391004, -0.0780487890588, 0, -0.000121815801764, 0, -0.156097768243, 0
0.022, 6.842557044, -1.1107592555e-06, 0, 0.000943576009866, 0, 0.00189248315124, 0, 1, 0, -0.00189248315124, 0, 0.999998209252, 3.4090529563e-322, 0, 0.0857618320314, 1.82804288961e-322, -0.171814610018, 0, 1.82804288961e-322, 0, 7.69617530976, 0, 0, 7.69617530976, 0, -1.1107592555e-06, 0, 0.000943576009866, 0.999998209252, 0, 0.00189248315124, 0, 1, 0, -0.00189248315124, 0, 0.999998209252, -0.000170650923446, 0, 0.0857618320314, 0, -0.171814610018, 0, 0.999998207626, 0, 0.00189334222275, 0, 1, 0, -0.00189334222275, 0, 0.999998207626, -1.11161251011e-06, 0, 0.000944004819026, -0.000170619536622, 0, 0.0857817174517, 0, -0.171849682867, 0, -0.000943729180483, 0, 0.499999109374, 0, 0.00188745836097, 0, 1, 0, -0.00188745836097, 0, 0.999998218749, 3.4090529563e-322, 0, -0.000161879488915, 1.82804288961e-322, -0.171531719335, 0, 1.82804288961e-322, 0, -15.2288414007, 0, 0, -15.2288414007, 0, -0.000943729180483, 0, 0.499999109374, 0.999998218749, 0, 0.00188745836097, 0, 1, 0, -0.00188745836097, 0, 0.999998218749, -0.085765706897, 0, -0.000161879488915, 0, -0.171531719335, 0, 0.99999821713, 0, 0.00188831601803, 0, 1, 0, -0.00188831601803, 0, 0.99999821713, -0.000944158009017, 0, 0.499999108565, -0.0857855284947, 0, -0.00016199047638, 0, -0.171571362879, 0
0.024, 6.999416837, -1.47040021019e-06, 0, 0.00112295386064, 0, 0.00225087880716, 0, 1, 0, -0.00225087880716, 0, 0.999997466769, 3.4090529563e-322, 0, 0.0935697695518, 2.61854792296e-322, -0.187320129118, 0, 1.82804288961e-322, 0, 7.43981531904, 0, 0, 7.43981531904, 0, -1.47040021019e-06, 0, 0.00112295386064, 0.999997466769, 0, 0.00225087880716, 0, 1, 0, -0.00225087880716, 0, 0.999997466769, -0.000215580842103, 0, 0.0935697695518, 0, -0.187320129118, 0, 0.99999746466, 0, 0.00225181540544, 0, 1, 0, -0.00225181540544, 0, 0.999997464661, -1.47147752222e-06, 0, 0.00112342166139, -0.000215818069108, 0, 0.0935890060633, 0, -0.187362110808, 0, -0.00112310213995, 0, 0.49999873864, 0, 0.0022462042799, 0, 1, 0, -0.0022462042799, 0, 0.99999747728, 3.4090529563e-322, 0, -0.000210182961378, 1.82804288961e-322, -0.187145010147, 0, 1.82804288961e-322, 0, -14.4319688857, 0, 0, -14.4319688857, 0, -0.00112310213995, 0, 0.49999873864, 0.99999747728, 0, 0.0022462042799, 0, 1, 0, -0.0022462042799, 0, 0.99999747728, -0.0935722690163, 0, -0.000210182961378, 0, -0.187145010147, 0, 0.999997475178, 0, 0.00224714000259, 0, 1, 0, -0.00224714000259, 0, 0.999997475178, -0.0011235700013, 0, 0.499998737589, -0.0935915535143, 0, -0.000210313854812, 0, -0.187183579634, 0
0.026, 7.105263439, -1.95137530977e-06, 0, 0.00131789613069, 0, 0.0026409377466, 0, 1, 0, -0.0026409377466, 0, 0.999996512718, 3.4090529563e-322, 0, 0.101413622835, 1.82804288961e-322, -0.20253277546, 0, 1.82804288961e-322, 0, 7.5288728168, 0, 0, 7.5288728168, 0, -1.95137530977e-06, 0, 0.00131789613069, 0.999996512718, 0, 0.0026409377466, 0, 1, 0, -0.0026409377466, 0, 0.999996512718, -0.000258324085557, 0, 0.101413622835, 0, -0.20253277546, 0, 0.999996510043, 0, 0.00264195040694, 0, 1, 0, -0.00264195040694, 0, 0.999996510043, -1.95266693019e-06, 0, 0.00131840319881, -0.000258485346756, 0, 0.101433108753, 0, -0.202571982365, 0, -0.00131804681551, 0, 0.49999826275, 0, 0.00263609363102, 0, 1, 0, -0.00263609363102, 0, 0.999996525499, 3.4090529563e-322, 0, -0.000267326259652, 1.82804288961e-322, -0.202820003437, 0, 1.82804288961e-322, 0, -14.7228754372, 0, 0, -14.7228754372, 0, -0.00131804681551, 0, 0.49999826275, 0.999996525499, 0, 0.00263609363102, 0, 1, 0, -0.00263609363102, 0, 0.999996525499, -0.101409649369, 0, -0.000267326259652, 0, -0.202820003437, 0, 0.999996522825, 0, 0.00263710772751, 0, 1, 0, -0.00263710772751, 0, 0.999996522825, -0.00131855386376, 0, 0.499998261413, -0.101429138911, 0, -0.000267480496094, 0, -0.202858983198, 0
0.028, 7.207608671, -2.55287210366e-06, 0, 0.00152845739779, 0, 0.00306213721356, 0, 1, 0, -0.00306213721356, 0, 0.999995311646, 3.4090529563e-322, 0, 0.10919069038, 2.22329540629e-322, -0.218482838516, 0, 1.82804288961e-322, 0, 7.609856359, 0, 0, 7.609856359, 0, -2.55287210366e-06, 0, 0.00152845739779, 0.999995311646, 0, 0.00306213721356, 0, 1, 0, -0.00306213721356, 0, 0.999995311646, -0.000336810640951, 0, 0.10919069038, 0, -0.218482838516, 0, 0.999995308301, 0, 0.00306322962263, 0, 1, 0, -0.00306322962263, 0, 0.999995308301, -2.55455587201e-06, 0, 0.00152900330199, -0.000336924679291, 0, 0.109210389314, 0, -0.218520081062, 0, -0.00152860913959, 0, 0.499997663349, 0, 0.00305721827919, 0, 1, 0, -0.00305721827919, 0, 0.999995326697, 3.4090529563e-322, 0, -0.00033382545696, 1.82804288961e-322, -0.218385098135, 0, 1.82804288961e-322, 0, -14.9350630991, 0, 0, -14.9350630991, 0, -0.00152860913959, 0, 0.499997663349, 0.999995326697, 0, 0.00305721827919, 0, 1, 0, -0.00305721827919, 0, 0.999995326697, -0.109192038778, 0, -0.00033382545696, 0, -0.218385098135, 0, 0.999995323358, 0, 0.00305831019957, 0, 1, 0, -0.00305831019957, 0, 0.999995323358, -0.00152915509979, 0, 0.499997661679, -0.109211708648, 0, -0.000334004844491, 0, -0.218424438788, 0
0.03, 7.374011997, -3.29045969052e-06, 0, 0.0017546572668, 0, 0.00351437647603, 0, 1, 0, -0.00351437647603, 0, 0.99999382456, 3.4090529563e-322, 0, 0.117001172054, 1.82804288961e-322, -0.234098344264, 0, 1.82804288961e-322, 0, 7.49856071415, 0, 0, 7.49856071415, 0, -3.29045969052e-06, 0, 0.0017546572668, 0.99999382456, 0, 0.00351437647603, 0, 1, 0, -0.00351437647603, 0, 0.99999382456, -0.000413430448023, 0, 0.117001172054, 0, -0.234098344264, 0, 0.999993820446, 0, 0.00351554696052, 0, 1, 0, -0.00351554696052, 0, 0.999993820446, -3.29252684276e-06, 0, 0.00175524227266, -0.000413677370014, 0, 0.117020598666, 0, -0.234138576854, 0, -0.00175480692118, 0, 0.499996920643, 0, 0.00350961384236, 0, 1, 0, -0.00350961384236, 0, 0.999993841286, 3.4090529563e-322, 0, -0.000410636098238, 2.61854792296e-322, -0.234006427307, 0, 1.82804288961e-322, 0, -14.5785213873, 0, 0, -14.5785213873, 0, -0.00175480692118, 0, 0.499996920643, 0.999993841286, 0, 0.00350961384236, 0, 1, 0, -0.00350961384236, 0, 0.999993841286, -0.117002493064, 0, -0.000410636098238, 0, -0.234006427307, 0, 0.999993837179, 0, 0.00351078386728, 0, 1, 0, -0.00351078386728, 0, 0.999993837179, -0.00175539193364, 0, 0.49999691859, -0.117021938186, 0, -0.000410841264643, 0, -0.234045318752, 0
0.032, 7.600682797, -4.19915802035e-06, 0, 0.00199646580813, 0, 0.00399805442972, 0, 1, 0, -0.00399805442972, 0, 0.999992007748, 3.4090529563e-322, 0, 0.124834082123, 1.82804288961e-322, -0.249542701458, 0, 1.82804288961e-322, 0, 7.52640417884, 0, 0, 7.52640417884, 0, -4.19915802035e-06, 0, 0.00199646580813, 0.999992007748, 0, 0.00399805442972, 0, 1, 0, -0.00399805442972, 0, 0.999992007748, -0.000494557767051, 0, 0.124834082123, 0, -0.249542701458, 0, 0.999992002759, 0, 0.00399930213325, 0, 1, 0, -0.00399930213325, 0, 0.999992002759, -4.20163080919e-06, 0, 0.00199708997854, -0.000494799646622, 0, 0.124853597674, 0, -0.249582002022, 0, -0.00199661641013, 0, 0.499996013506, 0, 0.00399323282026, 0, 1, 0, -0.00399323282026, 0, 0.999992027012, 3.4090529563e-322, 0, -0.000498488765675, 2.37151510004e-322, -0.249666743402, 0, 1.82804288961e-322, 0, -14.6619026504, 0, 0, -14.6619026504, 0, -0.00199661641013, 0, 0.499996013506, 0.999992027012, 0, 0.00399323282026, 0, 1, 0, -0.00399323282026, 0, 0.999992027012, -0.124832376406, 0, -0.000498488765675, 0, -0.249666743402, 0, 0.999992022027, 0, 0.00399448104643, 0, 1, 0, -0.00399448104643, 0, 0.999992022028, -0.00199724052322, 0, 0.499996011014, -0.124851896219, 0, -0.000498722536223, 0, -0.249705784585, 0
0.036, 7.812364248, -6.59760653915e-06, 0, 0.00252700182374, 0, 0.00505909535968, 0, 1, 0, -0.00505909535968, 0, 0.999987202695, 3.4090529563e-322, 0, 0.140461257309, 1.82804288961e-322, -0.280972680412, 0, 1.82804288961e-322, 0, 7.51799476726, 0, 0, 7.51799476726, 0, -6.59760653915e-06, 0, 0.00252700182374, 0.999987202695, 0, 0.00505909535968, 0, 1, 0, -0.00505909535968, 0, 0.999987202695, -0.00071127478338, 0, 0.140461257309, 0, -0.280972680412, 0, 0.999987195587, 0, 0.0050605002051, 0, 1, 0, -0.0050605002051, 0, 0.999987195587, -6.60116291307e-06, 0, 0.00252770413003, -0.000711586831848, 0, 0.140480778844, 0, -0.281012255061, 0, -0.00252715210352, 0, 0.49999361346, 0, 0.00505430420705, 0, 1, 0, -0.00505430420705, 0, 0.999987226921, 3.4090529563e-322, 0, -0.000709946407195, 1.82804288961e-322, -0.280927432639, 0, 2.37151510004e-322, 0, -14.5921081837, 0, 0, -14.5921081837, 0, -0.00252715210352, 0, 0.49999361346, 0.999987226921, 0, 0.00505430420705, 0, 1, 0, -0.0050543041094, 0, 0.999987226922, -0.140461921936, 0, -0.000709946364888, 0, -0.280927432181, 0, 0.999987219822, 0, 0.00505570872862, 0, 1, 0, -0.00505570872862, 0, 0.999987219822, -0.00252785436431, 0, 0.499993609911, -0.140481450588, 0, -0.000710242400405, 0, -0.280966491978, 0
0.04, 8.28825647, -9.94765752051e-06, 0, 0.00312013080005, 0, 0.00624539012165, 0, 1, 0, -0.00624539012165, 0, 0.999980497361, 3.4090529563e-322, 0, 0.156122901574, 1.82804288961e-322, -0.312258879598, 0, 1.82804288961e-322, 0, 7.54258848618, 0, 0, 7.54258848618, 0, -9.94765752051e-06, 0, 0.00312013080005, 0.999980497361, 0, 0.00624539012165, 0, 1, 0, -0.00624539012165, 0, 0.999980497361, -0.000974438040528, 0, 0.156122901574, 0, -0.312258879598, 0, 0.999980487609, 0, 0.00624695138559, 0, 1, 0, -0.00624695138559, 0, 0.999980487609, -9.95252971072e-06, 0, 0.00312091141456, -0.000974791129733, 0, 0.156142520372, 0, -0.312297688307, 0, -0.00312028157802, 0, 0.499990263748, 0, 0.00624056315605, 0, 1, 0, -0.00624056315605, 0, 0.999980527496, 3.4090529563e-322, 0, -0.000974314519363, 1.82804288961e-322, -0.312252114112, 0, 1.82804288961e-322, 0, -14.6317937304, 0, 0, -14.6317937304, 0, -0.00312028157802, 0, 0.499990263748, 0.999980527496, 0, 0.00624056315605, 0, 1, 0, -0.00624056315605, 0, 0.999980527496, -0.156123016891, 0, -0.000974314519363, 0, -0.312252114112, 0, 0.999980517752, 0, 0.00624212438621, 0, 1, 0, -0.00624212438621, 0, 0.999980517752, -0.0031210621931, 0, 0.499990258876, -0.156142629786, 0, -0.000974680706084, 0, -0.312291343709, 0
0.044005, 8.567143308, -1.44750443763e-05, 0, 0.00377679367688, 0, 0.00755868411507, 0, 1, 0, -0.00755868411507, 0, 0.999971432739, 3.4090529563e-322, 0, 0.171821703754, 2.61854792296e-322, -0.34362892044, 0, 1.82804288961e-322, 0, 7.51981676806, 0, 0, 7.51981676806, 0, -1.44750443763e-05, 0, 0.00377679367688, 0.999971432739, 0, 0.00755868411507, 0, 1, 0, -0.00755868411507, 0, 0.999971432739, -0.00129712429838, 0, 0.171821703754, 0, -0.34362892044, 0, 0.999971419751, 0, 0.00756040221058, 0, 1, 0, -0.00756040221058, 0, 0.999971419751, -1.44815299978e-05, 0, 0.0037776527854, -0.0012975709934, 0, 0.171841302637, 0, -0.343668235005, 0, -0.00377694412526, 0, 0.49998573449, 0, 0.00755388825053, 0, 1, 0, -0.00755388825053, 0, 0.999971468979, 3.4090529563e-322, 0, -0.00129795669595, 2.61854792296e-322, -0.343652607214, 0, 1.82804288961e-322, 0, -14.5228483197, 0, 0, -14.5228483197, 0, -0.00377694412526, 0, 0.49998573449, 0.999971468979, 0, 0.00755388825053, 0, 1, 0, -0.00755388825053, 0, 0.999971468979, -0.171821401227, 0, -0.00129795669595, 0, -0.343652607214, 0, 0.999971455998, 0, 0.00755560646453, 0, 1, 0, -0.00755560646453, 0, 0.999971455998, -0.00377780323227, 0, 0.499985727999, -0.171841001664, 0, -0.00129840004457, 0, -0.343691813667, 0
0.048005, 8.934608107, -2.04187309119e-05, 0, 0.00449542200685, 0, 0.00899592988968, 0, 1, 0, -0.00899592988968, 0, 0.999959535804, 3.4090529563e-322, 0, 0.187516420575, 2.61854792296e-322, -0.37505656826, 0, 1.82804288961e-322, 0, 7.51614620792, 0, 0, 7.51614620792, 0, -2.04187309119e-05, 0, 0.00449542200685, 0.999959535804, 0, 0.00899592988968, 0, 1, 0, -0.00899592988968, 0, 0.999959535804, -0.0016862084901, 0, 0.187516420575, 0, -0.37505656826, 0, 0.999959518932, 0, 0.00899780509663, 0, 1, 0, -0.00899780509663, 0, 0.999959518932, -2.04271619543e-05, 0, 0.00449635958895, -0.0016867387558, 0, 0.187536050739, 0, -0.375095904616, 0, -0.00449557252031, 0, 0.499979789417, 0, 0.00899114504062, 0, 1, 0, -0.00899114504062, 0, 0.999959578835, 3.4090529563e-322, 0, -0.00168605689968, 1.82804288961e-322, -0.375048298837, 0, 1.82804288961e-322, 0, -14.4646295961, 0, 0, -14.4646295961, 0, -0.00449557252031, 0, 0.499979789417, 0.999959578835, 0, 0.00899114504062, 0, 1, 0, -0.00899114504062, 0, 0.999959578835, -0.18751656941, 0, -0.00168605684387, 0, -0.375048298708, 0, 0.999959561975, 0, 0.00899302010815, 0, 1, 0, -0.00899302010815, 0, 0.999959561975, -0.00449651005407, 0, 0.499979780988, -0.187536200493, 0, -0.00168658506103, 0, -0.375087568788, 0
0.052005, 9.136781868, -2.80546757394e-05, 0, 0.00527688279024, 0, 0.010558847343, 0, 1, 0, -0.010558847343, 0, 0.999944253818, 3.4090529563e-322, 0, 0.203236846733, 1.82804288961e-322, -0.406493076762, 0, 1.82804288961e-322, 0, 7.51424678248, 0, 0, 7.51424678248, 0, -2.80546757394e-05, 0, 0.00527688279024, 0.999944253818, 0, 0.010558847343, 0, 1, 0, -0.010558847343, 0, 0.999944253818, -0.00214488051348, 0, 0.203236846733, 0, -0.406493076762, 0, 0.999944232355, 0, 0.0105608796951, 0, 1, 0, -0.0105608796951, 0, 0.999944232355, -2.8065400142e-05, 0, 0.00527789897447, -0.00214549881254, 0, 0.20325651698, 0, -0.406532346935, 0, -0.00527703331839, 0, 0.499972152143, 0, 0.0105540666368, 0, 1, 0, -0.0105540666368, 0, 0.999944304286, 3.4090529563e-322, 0, -0.00214509459341, 1.82804288961e-322, -0.406496306543, 0, 1.82804288961e-322, 0, -14.4106607871, 0, 0, -14.4106607871, 0, -0.00527703331839, 0, 0.499972152143, 0.999944304286, 0, 0.0105540666368, 0, 1, 0, -0.0105540666368, 0, 0.999944304286, -0.20323683322, 0, -0.00214509459341, 0, -0.406496306543, 0, 0.999944282833, 0, 0.0105560990051, 0, 1, 0, -0.0105560990051, 0, 0.999944282833, -0.00527804950255, 0, 0.499972141416, -0.203256502353, 0, -0.00214571535544, 0, -0.406535655722, 0
0.056005, 9.542255638, -3.76781103511e-05, 0, 0.00612126914982, 0, 0.0122476027962, 0, 1, 0, -0.0122476027962, 0, 0.9999249953, 3.4090529563e-322, 0, 0.218980222036, 2.61854792296e-322, -0.437986534167, 0, 1.82804288961e-322, 0, 7.50361376872, 0, 0, 7.50361376872, 0, -3.76781103511e-05, 0, 0.00612126914982, 0.9999249953, 0, 0.0122476027962, 0, 1, 0, -0.0122476027962, 0, 0.9999249953, -0.00268081178479, 0, 0.218980222036, 0, -0.437986534167, 0, 0.999924968476, 0, 0.0122497925646, 0, 1, 0, -0.0122497925646, 0, 0.999924968476, -3.769151441e-05, 0, 0.00612236405093, -0.00268153346367, 0, 0.218999913909, 0, -0.438025962752, 0, -0.00612141961641, 0, 0.499962526815, 0, 0.0122428392328, 0, 1, 0, -0.0122428392328, 0, 0.99992505363, 3.4090529563e-322, 0, -0.00268113996841, 2.07507571253e-322, -0.437993153573, 0, 1.82804288961e-322, 0, -14.3264684017, 0, 0, -14.3264684017, 0, -0.00612141961641, 0, 0.499962526815, 0.99992505363, 0, 0.0122428392328, 0, 1, 0, -0.0122428392328, 0, 0.99992505363, -0.218980163787, 0, -0.00268113996841, 0, -0.437993153573, 0, 0.999925026817, 0, 0.0122450290344, 0, 1, 0, -0.0122450290344, 0, 0.999925026817, -0.00612251451722, 0, 0.49996251341, -0.218999856074, 0, -0.00268186068537, 0, -0.438032552843, 0
0.060005, 9.817938452, -4.96098618952e-05, 0, 0.00702867762465, 0, 0.0140624068954, 0, 1, 0, -0.0140624068954, 0, 0.999901119467, 3.4090529563e-322, 0, 0.234748172326, 2.61854792296e-322, -0.469541650345, 0, 2.61854792296e-322, 0, 7.49673930922, 0, 0, 7.49673930922, 0, -4.96098618952e-05, 0, 0.00702867762465, 0.999901119467, 0, 0.0140624068954, 0, 1, 0, -0.0140624068954, 0, 0.999901119467, -0.00330016865343, 0, 0.234748172326, 0, -0.469541650345, 0, 0.99990108645, 0, 0.0140647543714, 0, 1, 0, -0.0140647543714, 0, 0.99990108645, -4.96263627385e-05, 0, 0.00702985136552, -0.00330099744488, 0, 0.234767898851, 0, -0.469581129034, 0, -0.0070288280468, 0, 0.499950593132, 0, 0.0140576560936, 0, 1, 0, -0.0140576560936, 0, 0.999901186265, 3.4090529563e-322, 0, -0.00330033558466, 1.82804288961e-322, -0.469542784377, 0, 2.37151510004e-322, 0, -14.2495599641, 0, 0, -14.2495599641, 0, -0.0070288280468, 0, 0.499950593132, 0.999901186265, 0, 0.0140576560936, 0, 1, 0, -0.0140576560936, 0, 0.999901186265, -0.234748193549, 0, -0.00330033558466, 0, -0.469542784377, 0, 0.999901153259, 0, 0.0140600035755, 0, 1, 0, -0.0140600035755, 0, 0.999901153259, -0.00703000178776, 0, 0.499950576629, -0.234767920159, 0, -0.00330116419885, 0, -0.469582256996, 0
0.064005, 10.085328272, -6.41947709643e-05, 0, 0.00799921268927, 0, 0.016003463609, 0, 1, 0, -0.016003463609, 0, 0.999871936376, 3.4090529563e-322, 0, 0.250543570601, 1.82804288961e-322, -0.501147164192, 0, 1.82804288961e-322, 0, 7.48882518676, 0, 0, 7.48882518676, 0, -6.41947709643e-05, 0, 0.00799921268927, 0.999871936376, 0, 0.016003463609, 0, 1, 0, -0.016003463609, 0, 0.999871936376, -0.00400862387407, 0, 0.250543570601, 0, -0.501147164192, 0, 0.999871896273, 0, 0.0160059690239, 0, 1, 0, -0.0160059690239, 0, 0.999871896273, -6.42148140837e-05, 0, 0.00800046540712, -0.0040095676487, 0, 0.250563333022, 0, -0.501186699691, 0, -0.00799936296351, 0, 0.499936006097, 0, 0.015998725927, 0, 1, 0, -0.015998725927, 0, 0.999872012194, 3.4090529563e-322, 0, -0.00400889069447, 2.61854792296e-322, -0.501151243263, 0, 1.82804288961e-322, 0, -14.1666782841, 0, 0, -14.1666782841, 0, -0.00799936296351, 0, 0.499936006097, 0.999872012194, 0, 0.015998725927, 0, 1, 0, -0.015998725927, 0, 0.999872012194, -0.250543551007, 0, -0.00400889069447, 0, -0.501151243263, 0, 0.999871972102, 0, 0.0160012313625, 0, 1, 0, -0.0160012313625, 0, 0.999871972102, -0.00800061568124, 0, 0.499935986051, -0.25056331323, 0, -0.00400983491667, 0, -0.501190792863, 0
0.066005, 10.184068663, -7.25967210926e-05, 0, 0.00850818692363, 0, 0.0170214036387, 0, 1, 0, -0.0170214036387, 0, 0.999855125415, 3.4090529563e-322, 0, 0.258451513354, 2.61854792296e-322, -0.516975104273, 0, 1.82804288961e-322, 0, 7.48379709619, 0, 0, 7.48379709619, 0, -7.25967210926e-05, 0, 0.00850818692363, 0.999855125415, 0, 0.0170214036387, 0, 1, 0, -0.0170214036387, 0, 0.999855125415, -0.00439839113976, 0, 0.258451513354, 0, -0.516975104273, 0, 0.999855081413, 0, 0.0170239881397, 0, 1, 0, -0.0170239881397, 0, 0.999855081413, -7.26187130483e-05, 0, 0.00850947918119, -0.00439939609814, 0, 0.258471292421, 0, -0.517014691983, 0, -0.00850833715033, 0, 0.499927602958, 0, 0.0170166743007, 0, 1, 0, -0.0170166743007, 0, 0.999855205915, 3.4090529563e-322, 0, -0.00439862211978, 2.61854792296e-322, -0.516977882054, 0, 1.82804288961e-322, 0, -14.1206867652, 0, 0, -14.1206867652, 0, -0.00850833715033, 0, 0.499927602958, 0.999855205915, 0, 0.0170166743007, 0, 1, 0, -0.0170166743007, 0, 0.999855205915, -0.258451513358, 0, -0.00439862211978, 0, -0.516977882054, 0, 0.999855161926, 0, 0.0170192588158, 0, 1, 0, -0.0170192588158, 0, 0.999855161926, -0.00850962940788, 0, 0.499927580963, -0.25847129244, 0, -0.00439962705599, 0, -0.517017468695, 0
0.068005, 10.475695652, -8.18026315655e-05, 0, 0.00903298441478, 0, 0.0180709905692, 0, 1, 0, -0.0180709905692, 0, 0.999836706318, 3.4090529563e-322, 0, 0.266366921623, 6.57107308969e-322, -0.532816330453, 0, 1.82804288961e-322, 0, 7.47881295053, 0, 0, 7.47881295053, 0, -8.18026315655e-05, 0, 0.00903298441478, 0.999836706318, 0, 0.0180709905692, 0, 1, 0, -0.0180709905692, 0, 0.999836706318, -0.00481275518522, 0, 0.266366921623, 0, -0.532816330453, 0, 0.999836658171, 0, 0.0180736542158, 0, 1, 0, -0.0180736542158, 0, 0.999836658171, -8.18266953414e-05, 0, 0.00903431624939, -0.00481382300667, 0, 0.266386718433, 0, -0.53285596299, 0, -0.00903313459955, 0, 0.49991839582, 0, 0.0180662691991, 0, 1, 0, -0.0180662691991, 0, 0.99983679164, 3.4090529563e-322, 0, -0.00481304162592, 1.82804288961e-322, -0.532820758163, 0, 2.61854792296e-322, 0, -14.074196979, 0, 0, -14.074196979, 0, -0.00903313459955, 0, 0.49991839582, 0.99983679164, 0, 0.0180662691991, 0, 1, 0, -0.0180662691991, 0, 0.99983679164, -0.26636689868, 0, -0.00481304162592, 0, -0.532820758163, 0, 0.999836743506, 0, 0.018068932868, 0, 1, 0, -0.018068932868, 0, 0.999836743506, -0.00903446643402, 0, 0.499918371753, -0.266386695587, 0, -0.0048141092541, 0, -0.532860384092, 0
0.070005, 10.817827916, -9.18626598166e-05, 0, 0.00957361975415, 0, 0.0191522536411, 0, 1, 0, -0.0191522536411, 0, 0.999816578769, 3.4090529563e-322, 0, 0.274289574712, 1.82804288961e-322, -0.548675404514, 0, 1.82804288961e-322, 0, 7.47425514256, 0, 0, 7.47425514256, 0, -9.18626598166e-05, 0, 0.00957361975415, 0.999816578769, 0, 0.0191522536411, 0, 1, 0, -0.0191522536411, 0, 0.999816578769, -0.00525264649001, 0, 0.274289574712, 0, -0.548675404514, 0, 0.999816526223, 0, 0.0191549965149, 0, 1, 0, -0.0191549965149, 0, 0.999816526223, -9.1888923049e-05, 0, 0.00957499120202, -0.00525377861706, 0, 0.274309391231, 0, -0.54871506755, 0, -0.00957376995317, 0, 0.499908334524, 0, 0.0191475399063, 0, 1, 0, -0.0191475399063, 0, 0.999816669049, 3.4090529563e-322, 0, -0.00525293326385, 1.82804288961e-322, -0.548679698295, 0, 1.82804288961e-322, 0, -14.0280541032, 0, 0, -14.0280541032, 0, -0.00957376990363, 0, 0.499908334527, 0.999816669055, 0, 0.0191475398073, 0, 1, 0, -0.0191475398073, 0, 0.999816669055, -0.274289554139, 0, -0.00525293318179, 0, -0.548679698245, 0, 0.999816616521, 0, 0.0191502827027, 0, 1, 0, -0.0191502827027, 0, 0.999816616521, -0.00957514135137, 0, 0.499908308261, -0.274309370574, 0, -0.00525406550332, 0, -0.548719367215, 0
0.074, 11.218832842, -0.000114722455735, 0, 0.0107010136496, 0, 0.0214070239303, 0, 1, 0, -0.0214070239303, 0, 0.999770843407, 3.4090529563e-322, 0, 0.29013785504, 1.82804288961e-322, -0.580404128172, 0, 1.82804288961e-322, 0, 7.46334795064, 0, 0, 7.46334795064, 0, -0.000114722455735, 0, 0.0107010136496, 0.999770843407, 0, 0.0214070239303, 0, 1, 0, -0.0214070239303, 0, 0.999770843407, -0.00621074618021, 0, 0.29013785504, 0, -0.580404128172, 0, 0.999770781279, 0, 0.0214099252858, 0, 1, 0, -0.0214099252858, 0, 0.999770781279, -0.000114753509466, 0, 0.0107024643388, -0.00621201372047, 0, 0.290157709317, 0, -0.580443884864, 0, -0.0107011636962, 0, 0.499885471979, 0, 0.0214023273924, 0, 1, 0, -0.0214023273924, 0, 0.999770943958, 3.4090529563e-322, 0, -0.00621104756754, 1.82804288961e-322, -0.580408611985, 0, 1.82804288961e-322, 0, -13.9283307599, 0, 0, -13.9283307599, 0, -0.0107011636962, 0, 0.499885471979, 0.999770943958, 0, 0.0214023273924, 0, 1, 0, -0.0214023273924, 0, 0.999770943958, -0.290137832943, 0, -0.00621104756754, 0, -0.580408611985, 0, 0.999770881843, 0, 0.0214052287707, 0, 1, 0, -0.0214052287707, 0, 0.999770881843, -0.0107026143853, 0, 0.499885440922, -0.290157687263, 0, -0.00621231502961, 0, -0.580448365786, 0
0.076, 11.401199945, -0.000127658961445, 0, 0.0112892138886, 0, 0.0225834156996, 0, 1, 0, -0.0225834156996, 0, 0.999744962146, 3.4090529563e-322, 0, 0.298083616078, 1.82804288961e-322, -0.596314650982, 0, 1.82804288961e-322, 0, 7.45787210425, 0, 0, 7.45787210425, 0, -0.000127658961445, 0, 0.0112892138886, 0.999744962146, 0, 0.0225834156996, 0, 1, 0, -0.0225834156996, 0, 0.999744962146, -0.00673175648483, 0, 0.298083616078, 0, -0.596314650982, 0, 0.999744894807, 0, 0.0225863965123, 0, 1, 0, -0.0225863965123, 0, 0.999744894807, -0.000127692620228, 0, 0.0112907043067, -0.00673309452764, 0, 0.29810349064, 0, -0.59635444775, 0, -0.0112893639338, 0, 0.499872534012, 0, 0.0225787278677, 0, 1, 0, -0.0225787278677, 0, 0.999745068024, 3.4090529563e-322, 0, -0.00673206461401, 2.22329540629e-322, -0.596319207543, 0, 1.82804288961e-322, 0, -13.877221805, 0, 0, -13.877221805, 0, -0.0112893639338, 0, 0.499872534012, 0.999745068024, 0, 0.0225787278677, 0, 1, 0, -0.0225787278677, 0, 0.999745068024, -0.298083593354, 0, -0.00673206461401, 0, -0.596319207543, 0, 0.999745000699, 0, 0.0225817087035, 0, 1, 0, -0.0225817087035, 0, 0.999745000699, -0.0112908543518, 0, 0.499872500353, -0.298103467855, 0, -0.00673340265791, 0, -0.596359006835, 0
0.078, 11.502073658, -0.000141665935374, 0, 0.0118933136449, 0, 0.0237916058723, 0, 1, 0, -0.0237916058723, 0, 0.999716939683, 3.4090529563e-322, 0, 0.306037357706, 1.82804288961e-322, -0.612243554938, 0, 1.82804288961e-322, 0, 7.45191019402, 0, 0, 7.45191019402, 0, -0.000141665935374, 0, 0.0118933136449, 0.999716939683, 0, 0.0237916058723, 0, 1, 0, -0.0237916058723, 0, 0.999716939683, -0.00728144194417, 0, 0.306037357706, 0, -0.612243554938, 0, 0.999716866847, 0, 0.0237946662235, 0, 1, 0, -0.0237946662235, 0, 0.999716866847, -0.000141702342584, 0, 0.0118948438317, -0.00728285272621, 0, 0.306057252309, 0, -0.612283399435, 0, -0.0118934636296, 0, 0.499858525506, 0, 0.0237869272593, 0, 1, 0, -0.0237869272593, 0, 0.999717051011, 3.4090529563e-322, 0, -0.00728174833033, 1.82804288961e-322, -0.612247911636, 0, 2.22329540629e-322, 0, -13.8239538771, 0, 0, -13.8239538771, 0, -0.0118934636296, 0, 0.499858525506, 0.999717051011, 0, 0.0237869272593, 0, 1, 0, -0.0237869272593, 0, 0.999717051011, -0.306037338353, 0, -0.00728174833033, 0, -0.612247911636, 0, 0.999716978189, 0, 0.0237899876326, 0, 1, 0, -0.0237899875331, 0, 0.999716978196, -0.0118949937666, 0, 0.499858489098, -0.306057232922, 0, -0.00728315904845, 0, -0.61228775663, 0
0.08, 11.613506865, -0.000156801529833, 0, 0.0125133290406, 0, 0.0250316271078, 0, 1, 0, -0.0250316271078, 0, 0.999686659731, 3.4090529563e-322, 0, 0.31399929565, 1.82804288961e-322, -0.628190566706, 0, 1.82804288961e-322, 0, 7.4456977928, 0, 0, 7.4456977928, 0, -0.000156801529833, 0, 0.0125133290406, 0.999686659731, 0, 0.0250316271078, 0, 1, 0, -0.0250316271078, 0, 0.999686659731, -0.00786058616984, 0, 0.31399929565, 0, -0.628190566706, 0, 0.999686581103, 0, 0.0250347670764, 0, 1, 0, -0.0250347670764, 0, 0.999686581103, -0.000156840832764, 0, 0.0125148990371, -0.00786207170763, 0, 0.314019210645, 0, -0.628230459761, 0, -0.0125134789113, 0, 0.499843388318, 0, 0.0250269578226, 0, 1, 0, -0.0250269578226, 0, 0.999686776637, 3.4090529563e-322, 0, -0.00786090873379, 1.82804288961e-322, -0.628195307596, 0, 1.82804288961e-322, 0, -13.7692735702, 0, 0, -13.7692735702, 0, -0.0125134789113, 0, 0.499843388318, 0.999686776637, 0, 0.0250269578226, 0, 1, 0, -0.0250269578226, 0, 0.999686776637, -0.313999271074, 0, -0.00786090873379, 0, -0.628195307596, 0, 0.999686698023, 0, 0.0250300978153, 0, 1, 0, -0.0250300978153, 0, 0.999686698023, -0.0125150489076, 0, 0.499843349011, -0.314019186088, 0, -0.00786239424731, 0, -0.628235199506, 0
0.082, 11.731467149, -0.000173125509562, 0, 0.0131492764982, 0, 0.0263035123614, 0, 1, 0, -0.0263035123614, 0, 0.999654002762, 3.4090529563e-322, 0, 0.321969498514, 1.82804288961e-322, -0.644156870368, 0, 1.82804288961e-322, 0, 7.4393728273, 0, 0, 7.4393728273, 0, -0.000173125509562, 0, 0.0131492764982, 0.999654002762, 0, 0.0263035123614, 0, 1, 0, -0.0263035123614, 0, 0.999654002762, -0.00847002631331, 0, 0.321969498514, 0, -0.644156870368, 0, 0.999653918039, 0, 0.0263067320313, 0, 1, 0, -0.0263067320313, 0, 0.999653918039, -0.000173167859693, 0, 0.0131508863457, -0.00847158852591, 0, 0.32198943458, 0, -0.644196809646, 0, -0.0131494263519, 0, 0.499827062677, 0, 0.0262988527038, 0, 1, 0, -0.0262988527038, 0, 0.999654125353, 3.4090529563e-322, 0, -0.00847035747387, 2.22329540629e-322, -0.644161743857, 0, 1.82804288961e-322, 0, -13.7135426908, 0, 0, -13.7135426908, 0, -0.0131494263519, 0, 0.499827062677, 0.999654125353, 0, 0.0262988527038, 0, 1, 0, -0.0262988527038, 0, 0.999654125353, -0.321969472319, 0, -0.00847035747387, 0, -0.644161743857, 0, 0.999654040645, 0, 0.0263020723985, 0, 1, 0, -0.0263020722988, 0, 0.999654040652, -0.0131510361494, 0, 0.499827020326, -0.321989408342, 0, -0.00847191963746, 0, -0.644201684279, 0
0.084, 11.906462218, -0.000190699256734, 0, 0.0138011727435, 0, 0.0276072947649, 0, 1, 0, -0.0276072947649, 0, 0.999618845999, 3.4090529563e-322, 0, 0.32994810246, 1.82804288961e-322, -0.660142836476, 0, 1.82804288961e-322, 0, 7.43268594618, 0, 0, 7.43268594618, 0, -0.000190699256734, 0, 0.0138011727435, 0.999618845999, 0, 0.0276072947649, 0, 1, 0, -0.0276072947649, 0, 0.999618845999, -0.00911057633242, 0, 0.32994810246, 0, -0.660142836476, 0, 0.999618754869, 0, 0.0276105942209, 0, 1, 0, -0.0276105942209, 0, 0.999618754869, -0.000190744809616, 0, 0.013802822484, -0.00911221735529, 0, 0.329968059673, 0, -0.660182825743, 0, -0.0138013224733, 0, 0.499809487203, 0, 0.0276026449465, 0, 1, 0, -0.0276026449465, 0, 0.999618974406, 3.4090529563e-322, 0, -0.00911091110659, 1.82804288961e-322, -0.660147686878, 0, 1.82804288961e-322, 0, -13.6560725983, 0, 0, -13.6560725983, 0, -0.0138013224733, 0, 0.499809487203, 0.999618974406, 0, 0.0276026449465, 0, 1, 0, -0.0276026449465, 0, 0.999618974406, -0.329948076857, 0, -0.00911091110659, 0, -0.660147686878, 0, 0.999618883291, 0, 0.0276059444272, 0, 1, 0, -0.0276059444272, 0, 0.999618883291, -0.0138029722136, 0, 0.499809441646, -0.329968034063, 0, -0.00911255215698, 0, -0.660187676681, 0
0.086, 12.144458446, -0.000209585804961, 0, 0.0144690347202, 0, 0.0289430083607, 0, 1, 0, -0.0289430083607, 0, 0.99958106338, 3.4090529563e-322, 0, 0.337935267276, 1.82804288961e-322, -0.676148569983, 0, 1.82804288961e-322, 0, 7.42571557245, 0, 0, 7.42571557245, 0, -0.000209585804961, 0, 0.0144690347202, 0.99958106338, 0, 0.0289430083607, 0, 1, 0, -0.0289430083607, 0, 0.99958106338, -0.00978304553518, 0, 0.337935267276, 0, -0.676148569983, 0, 0.999580965525, 0, 0.0289463876871, 0, 1, 0, -0.0289463876871, 0, 0.999580965525, -0.000209634720189, 0, 0.0144707243966, -0.009784767432, 0, 0.337955245915, 0, -0.676188610533, 0, -0.0144691843705, 0, 0.499790598855, 0, 0.0289383687411, 0, 1, 0, -0.0289383687411, 0, 0.99958119771, 3.4090529563e-322, 0, -0.00978339184923, 1.82804288961e-322, -0.676153651698, 0, 1.82804288961e-322, 0, -13.5971287795, 0, 0, -13.5971287795, 0, -0.0144691843705, 0, 0.499790598855, 0.99958119771, 0, 0.0289383687411, 0, 1, 0, -0.0289383687411, 0, 0.99958119771, -0.3379352385, 0, -0.00978339184923, 0, -0.676153651698, 0, 0.99958109987, 0, 0.0289417480933, 0, 1, 0, -0.0289417480933, 0, 0.99958109987, -0.0144708740467, 0, 0.499790549935, -0.337955217145, 0, -0.00978511374684, 0, -0.676193691915, 0
0.088, 12.308632684, -0.000229849831935, 0, 0.0151528796213, 0, 0.0303106876031, 0, 1, 0, -0.0303106876031, 0, 0.99954052555, 3.4090529563e-322, 0, 0.345931084083, 1.82804288961e-322, -0.692174823008, 0, 1.82804288961e-322, 0, 7.41853195325, 0, 0, 7.41853195325, 0, -0.000229849831935, 0, 0.0151528796213, 0.99954052555, 0, 0.0303106876031, 0, 1, 0, -0.0303106876031, 0, 0.99954052555, -0.0104882693241, 0, 0.345931084083, 0, -0.692174823008, 0, 0.999540420643, 0, 0.0303141468869, 0, 1, 0, -0.0303141468869, 0, 0.999540420643, -0.000229902273282, 0, 0.0151546092768, -0.0104900741105, 0, 0.345951084593, 0, -0.692214914373, 0, -0.0151530291876, 0, 0.499770332959, 0, 0.0303060583752, 0, 1, 0, -0.0303060583752, 0, 0.999540665919, 3.4090529563e-322, 0, -0.0104886244786, 1.82804288961e-322, -0.692180048542, 0, 1.82804288961e-322, 0, -13.5369079043, 0, 0, -13.5369079043, 0, -0.0151530291876, 0, 0.499770332959, 0.999540665919, 0, 0.0303060583752, 0, 1, 0, -0.0303060583752, 0, 0.999540665919, -0.345931053328, 0, -0.0104886244786, 0, -0.692180048542, 0, 0.999540561027, 0, 0.0303095176856, 0, 1, 0, -0.0303095176856, 0, 0.999540561027, -0.0151547588428, 0, 0.499770280513, -0.345951053829, 0, -0.0104904292964, 0, -0.692220140568, 0
0.09, 12.414083022, -0.000251557664889, 0, 0.0158527248887, 0, 0.0317103672332, 0, 1, 0, -0.0317103672332, 0, 0.999497099851, 3.4090529563e-322, 0, 0.353935664678, 1.82804288961e-322, -0.708222042868, 0, 1.82804288961e-322, 0, 7.41102214374, 0, 0, 7.41102214374, 0, -0.000251557664889, 0, 0.0158527248887, 0.999497099851, 0, 0.0317103672332, 0, 1, 0, -0.0317103672332, 0, 0.999497099851, -0.0112270774166, 0, 0.353935664678, 0, -0.708222042868, 0, 0.999496987555, 0, 0.0317139065624, 0, 1, 0, -0.0317139065624, 0, 0.999496987555, -0.000251613800276, 0, 0.015854494567, -0.0112289672074, 0, 0.353955687238, 0, -0.708262187216, 0, -0.0158528743639, 0, 0.499748623184, 0, 0.0317057487278, 0, 1, 0, -0.0317057487278, 0, 0.999497246368, 3.4090529563e-322, 0, -0.0112274388848, 1.82804288961e-322, -0.70822733008, 0, 1.82804288961e-322, 0, -13.4751107552, 0, 0, -13.4751107552, 0, -0.0158528743639, 0, 0.499748623184, 0.999497246368, 0, 0.0317057487278, 0, 1, 0, -0.0317057487278, 0, 0.999497246368, -0.353935633109, 0, -0.0112274388848, 0, -0.70822733008, 0, 0.999497134088, 0, 0.031709288084, 0, 1, 0, -0.031709288084, 0, 0.999497134088, -0.015854644042, 0, 0.499748567044, -0.353955655662, 0, -0.011229328701, 0, -0.708267474894, 0
0.092, 12.582627112, -0.000274777300918, 0, 0.0165685881669, 0, 0.0331420825949, 0, 1, 0, -0.0331420825949, 0, 0.999450650288, 3.4090529563e-322, 0, 0.361949131287, 1.82804288961e-322, -0.724290517379, 0, 1.82804288961e-322, 0, 7.40320616703, 0, 0, 7.40320616703, 0, -0.000274777300918, 0, 0.0165685881669, 0.999450650288, 0, 0.0331420825949, 0, 1, 0, -0.0331420825949, 0, 0.999450650288, -0.0120002987862, 0, 0.361949131287, 0, -0.724290517379, 0, 0.999450530259, 0, 0.0331457020579, 0, 1, 0, -0.0331457020579, 0, 0.999450530259, -0.000274837302412, 0, 0.0165703979126, -0.0120022756796, 0, 0.36196917613, 0, -0.724330716032, 0, -0.0165687375948, 0, 0.499725401527, 0, 0.0331374751896, 0, 1, 0, -0.0331374751896, 0, 0.999450803054, 3.4090529563e-322, 0, -0.0120006700342, 2.22329540629e-322, -0.724295975644, 0, 1.82804288961e-322, 0, -13.4118241552, 0, 0, -13.4118241552, 0, -0.0165687375948, 0, 0.499725401527, 0.999450803054, 0, 0.0331374751896, 0, 1, 0, -0.0331374751896, 0, 0.999450803054, -0.361949097251, 0, -0.0120006700342, 0, -0.724295975644, 0, 0.999450683041, 0, 0.0331410945802, 0, 1, 0, -0.0331410945802, 0, 0.99945068305, -0.0165705472901, 0, 0.499725341525, -0.361969142065, 0, -0.0120026468296, 0, -0.724336174268, 0
0.094, 12.686880655, -0.00029957841003, 0, 0.0173004873071, 0, 0.0346058694271, 0, 1, 0, -0.0346058694271, 0, 0.999401037523, 3.4090529563e-322, 0, 0.369971572276, 1.82804288961e-322, -0.740380816509, 0, 1.82804288961e-322, 0, 7.39511545396, 0, 0, 7.39511545396, 0, -0.00029957841003, 0, 0.0173004873071, 0.999401037523, 0, 0.0346058694271, 0, 1, 0, -0.0346058694271, 0, 0.999401037523, -0.0128087763975, 0, 0.369971572276, 0, -0.740380816509, 0, 0.999400909408, 0, 0.0346095691137, 0, 1, 0, -0.0346095691137, 0, 0.999400909408, -0.000299642453912, 0, 0.017302337165, -0.012810842473, 0, 0.369991639712, 0, -0.740421069866, 0, -0.0173006366313, 0, 0.499700598327, 0, 0.0346012732626, 0, 1, 0, -0.0346012732626, 0, 0.999401196655, 3.4090529563e-322, 0, -0.0128091564593, 2.22329540629e-322, -0.740386418015, 0, 1.82804288961e-322, 0, -13.3471474088, 0, 0, -13.3471474088, 0, -0.0173006366313, 0, 0.499700598327, 0.999401196655, 0, 0.0346012732626, 0, 1, 0, -0.0346012732626, 0, 0.999401196655, -0.369971536073, 0, -0.0128091564593, 0, -0.740386418015, 0, 0.999401068567, 0, 0.0346049728774, 0, 1, 0, -0.0346049728774, 0, 0.999401068567, -0.0173024864387, 0, 0.499700534283, -0.369991603475, 0, -0.0128112224469, 0, -0.740426671757, 0
0.096, 12.864838884, -0.000326032342187, 0, 0.0180484403605, 0, 0.0361017637687, 0, 1, 0, -0.0361017637687, 0, 0.999348118852, 3.4090529563e-322, 0, 0.378003078607, 1.82804288961e-322, -0.756493400102, 0, 1.82804288961e-322, 0, 7.38669644097, 0, 0, 7.38669644097, 0, -0.000326032342187, 0, 0.0180484403605, 0.999348118852, 0, 0.0361017637687, 0, 1, 0, -0.0361017637687, 0, 0.999348118852, -0.0136533543011, 0, 0.378003078607, 0, -0.756493400102, 0, 0.999347982291, 0, 0.0361055437698, 0, 1, 0, -0.0361055437698, 0, 0.999347982291, -0.000326100608959, 0, 0.0180503303758, -0.0136555116868, 0, 0.378023168824, 0, -0.756533709683, 0, -0.0180485895232, 0, 0.499674142233, 0, 0.0360971790464, 0, 1, 0, -0.0360971790464, 0, 0.999348284466, 3.4090529563e-322, 0, -0.0136537417979, 1.82804288961e-322, -0.756499103732, 0, 1.82804288961e-322, 0, -13.2809509694, 0, 0, -13.2809509694, 0, -0.0180485895232, 0, 0.499674142233, 0.999348284466, 0, 0.0360971790464, 0, 1, 0, -0.0360971790464, 0, 0.999348284466, -0.378003040757, 0, -0.0136537417979, 0, -0.756499103732, 0, 0.999348147921, 0, 0.0361009590767, 0, 1, 0, -0.0361009590767, 0, 0.999348147921, -0.0180504795383, 0, 0.499674073961, -0.378023130968, 0, -0.0136558992074, 0, -0.756539413725, 0
0.098, 12.967656962, -0.000354212141689, 0, 0.0188124655499, 0, 0.0376298020825, 0, 1, 0, -0.0376298020825, 0, 0.999291748187, 3.4090529563e-322, 0, 0.386043743191, 1.82804288961e-322, -0.772628640281, 0, 1.82804288961e-322, 0, 7.3779482561, 0, 0, 7.3779482561, 0, -0.000354212141689, 0, 0.0188124655499, 0.999291748187, 0, 0.0376298020825, 0, 1, 0, -0.0376298020825, 0, 0.999291748187, -0.014534878465, 0, 0.386043743191, 0, -0.772628640281, 0, 0.999291602811, 0, 0.0376336624894, 0, 1, 0, -0.0376336624894, 0, 0.999291602811, -0.000354284816082, 0, 0.0188143957687, -0.0145371292926, 0, 0.386063856378, 0, -0.772669007338, 0, -0.0188126146442, 0, 0.499645960182, 0, 0.0376252292884, 0, 1, 0, -0.0376252292884, 0, 0.999291920365, 3.4090529563e-322, 0, -0.0145352750504, 2.22329540629e-322, -0.772634492728, 0, 1.82804288961e-322, 0, -13.2132581656, 0, 0, -13.2132581656, 0, -0.0188126146442, 0, 0.499645960182, 0.999291920365, 0, 0.0376252292884, 0, 1, 0, -0.0376252292884, 0, 0.999291920365, -0.386043702986, 0, -0.0145352750504, 0, -0.772634492728, 0, 0.999291775016, 0, 0.0376290896247, 0, 1, 0, -0.0376290896247, 0, 0.999291775016, -0.0188145448123, 0, 0.499645887508, -0.386063816141, 0, -0.0145375257774, 0, -0.772674859922, 0
0.1, 13.583214113, -0.000384192554511, 0, 0.0195925812622, 0, 0.0391900211593, -0, 1, 0, -0.0391900211593, -0, 0.999231776037, 3.4090529563e-322, 0, 0.394093640075, 1.82804288961e-322, -0.788787029606, 0, 1.82804288961e-322, 0, 7.3688813849, 0, 0, 7.3688813849, 0, -0.000384192554511, 0, 0.0195925812622, 0.999231776037, 0, 0.0391900211593, -0, 1, 0, -0.0391900211593, -0, 0.999231776037, -0.0154542036665, 0, 0.394093640075, 0, -0.788787029606, 0, 0.999231621466, 0, 0.0391939620643, -0, 1, 0, -0.0391939620643, -0, 0.999231621466, -0.000384269825529, 0, 0.0195945517304, -0.0154565500646, 0, 0.39411377645, 0, -0.788827454928, 0, -0.0195927301797, -0, 0.499615977451, 0, 0.0391854603595, -0, 1, 0, -0.0391854603595, -0, 0.999231954902, 3.4090529563e-322, -0, -0.0154546088787, 1.82804288961e-322, -0.788793023583, 0, 1.82804288961e-322, 0, -13.1441157561, 0, 0, -13.1441157561, 0, -0.0195927301797, -0, 0.499615977451, 0.999231954902, 0, 0.0391854603595, -0, 1, 0, -0.0391854603595, -0, 0.999231954902, -0.394093597484, -0, -0.0154546088787, 0, -0.788793023583, 0, 0.999231800348, 0, 0.0391894012952, -0, 1, 0, -0.0391894012952, -0, 0.999231800348, -0.0195947006476, -0, 0.499615900174, -0.394113733852, -0, -0.0154569552995, 0, -0.788833449285, 0
