"time","wallTime","source2.y","source1.y","adder.y"
0.5,0.000225419,0,0,0
0.5035,0.84451,0.482494,0.482494,0.964901
0.507,0.848511,0.485557,0.485557,0.971026
0.5105,0.852134,0.488614,0.488614,0.97714
0.514,0.855593,0.491664,0.491664,0.983242
0.5175,0.858812,0.494709,0.494709,0.989331
0.521,0.8619,0.497748,0.497748,0.995409
0.5245,0.865005,0.50078,0.50078,1.00147
0.528,0.868038,0.503807,0.503807,1.00753
0.5315,0.871094,0.506827,0.506827,1.01357
0.535,0.874119,0.509841,0.509841,1.0196
0.5385,0.876972,0.512849,0.512849,1.02561
0.542,0.879883,0.51585,0.51585,1.03162
0.5455,0.882825,0.518846,0.518846,1.03761
0.549,0.885705,0.521834,0.521834,1.04358
0.5525,0.888458,0.524817,0.524817,1.04955
0.556,0.891246,0.527793,0.527793,1.0555
0.5595,0.894046,0.530763,0.530763,1.06144
0.563,0.896509,0.533726,0.533726,1.06737
0.5665,0.898998,0.536682,0.536682,1.07328
0.57,0.901497,0.539632,0.539632,1.07918
0.5735,0.903999,0.542575,0.542575,1.08507
0.577,0.906516,0.545512,0.545512,1.09094
0.5805,0.909013,0.548442,0.548442,1.0968
0.584,0.911593,0.551365,0.551365,1.10265
0.5875,0.914104,0.554282,0.554282,1.10848
0.591,0.916606,0.557192,0.557192,1.1143
0.5945,0.919204,0.560095,0.560095,1.12011
0.598,0.921757,0.562991,0.562991,1.1259
0.6015,0.924422,0.56588,0.56588,1.13168
0.605,0.927098,0.568762,0.568762,1.13744
0.6085,0.929779,0.571637,0.571637,1.14319
0.612,0.93247,0.574506,0.574506,1.14893
0.6155,0.935244,0.577367,0.577367,1.15465
0.619,0.937994,0.580221,0.580221,1.16036
0.6225,0.94067,0.583068,0.583068,1.16605
0.626,0.943326,0.585908,0.585908,1.17173
0.6295,0.94603,0.588741,0.588741,1.1774
0.633,0.948718,0.591566,0.591566,1.18305
0.6365,0.951378,0.594384,0.594384,1.18869
0.64,0.954084,0.597195,0.597195,1.19431
0.6435,0.956772,0.599999,0.599999,1.19992
0.647,0.959476,0.602795,0.602795,1.20551
0.6505,0.962164,0.605584,0.605584,1.21109
0.654,0.964861,0.608366,0.608366,1.21665
0.6575,0.967563,0.61114,0.61114,1.2222
0.661,0.970456,0.613907,0.613907,1.22773
0.6645,0.973076,0.616666,0.616666,1.23325
0.668,0.975658,0.619417,0.619417,1.23876
0.6715,0.978347,0.622161,0.622161,1.24424
0.675,0.980996,0.624897,0.624897,1.24972
0.6785,0.983654,0.627626,0.627626,1.25517
0.682,0.986367,0.630347,0.630347,1.26062
0.6855,0.989027,0.63306,0.63306,1.26604
0.689,0.991738,0.635766,0.635766,1.27145
0.6925,0.994649,0.638463,0.638463,1.27685
0.696,0.997399,0.641153,0.641153,1.28223
0.6995,1.00019,0.643835,0.643835,1.28759
0.703,1.00297,0.646509,0.646509,1.29294
0.7065,1.00575,0.649176,0.649176,1.29827
0.71,1.00851,0.651834,0.651834,1.30359
0.7135,1.01128,0.654484,0.654484,1.30889
0.717,1.01401,0.657126,0.657126,1.31418
0.7205,1.01676,0.65976,0.65976,1.31945
0.724,1.01971,0.662387,0.662387,1.3247
0.7275,1.02259,0.665005,0.665005,1.32993
0.731,1.02537,0.667614,0.667614,1.33515
0.7345,1.02813,0.670216,0.670216,1.34036
0.738,1.03092,0.67281,0.67281,1.34555
0.7415,1.03389,0.675395,0.675395,1.35072
0.745,1.03667,0.677972,0.677972,1.35587
0.7485,1.03942,0.68054,0.68054,1.36101
0.752,1.04218,0.683101,0.683101,1.36613
0.7555,1.04517,0.685653,0.685653,1.37123
0.759,1.04792,0.688196,0.688196,1.37632
0.7625,1.05069,0.690731,0.690731,1.38139
0.766,1.05347,0.693258,0.693258,1.38644
0.7695,1.05624,0.695776,0.695776,1.39148
0.773,1.05907,0.698286,0.698286,1.3965
0.7765,1.06185,0.700787,0.700787,1.4015
0.78,1.06463,0.703279,0.703279,1.40649
0.7835,1.06739,0.705763,0.705763,1.41146
0.787,1.07014,0.708239,0.708239,1.41641
0.7905,1.07293,0.710705,0.710705,1.42134
0.794,1.0757,0.713163,0.713163,1.42626
0.7975,1.07845,0.715612,0.715612,1.43115
0.801,1.08121,0.718052,0.718052,1.43604
0.8045,1.08398,0.720484,0.720484,1.4409
0.808,1.08671,0.722907,0.722907,1.44574
0.8115,1.08948,0.725321,0.725321,1.45057
0.815,1.09228,0.727726,0.727726,1.45538
0.8185,1.09505,0.730122,0.730122,1.46018
0.822,1.0978,0.732509,0.732509,1.46495
0.8255,1.10058,0.734887,0.734887,1.46971
0.829,1.10337,0.737256,0.737256,1.47444
0.8325,1.10614,0.739616,0.739616,1.47917
0.836,1.1089,0.741967,0.741967,1.48387
0.8395,1.11173,0.744309,0.744309,1.48855
0.843,1.1145,0.746642,0.746642,1.49322
0.8465,1.11729,0.748966,0.748966,1.49787
0.85,1.1201,0.75128,0.75128,1.50249
0.8535,1.12287,0.753586,0.753586,1.50711
0.857,1.12565,0.755882,0.755882,1.5117
0.8605,1.12844,0.758169,0.758169,1.51627
0.864,1.13119,0.760446,0.760446,1.52083
0.8675,1.13395,0.762714,0.762714,1.52536
0.871,1.13674,0.764973,0.764973,1.52988
0.8745,1.13954,0.767223,0.767223,1.53438
0.878,1.14235,0.769463,0.769463,1.53886
0.8815,1.1451,0.771694,0.771694,1.54332
0.885,1.14788,0.773915,0.773915,1.54777
0.8885,1.15066,0.776127,0.776127,1.55219
0.892,1.15346,0.778329,0.778329,1.5566
0.8955,1.15627,0.780522,0.780522,1.56098
0.899,1.15906,0.782705,0.782705,1.56535
0.9025,1.16182,0.784878,0.784878,1.5697
0.906,1.16459,0.787042,0.787042,1.57402
0.9095,1.16738,0.789197,0.789197,1.57833
0.913,1.17019,0.791341,0.791341,1.58262
0.9165,1.17293,0.793476,0.793476,1.58689
0.92,1.17572,0.795602,0.795602,1.59114
0.9235,1.17851,0.797717,0.797717,1.59537
0.927,1.18133,0.799823,0.799823,1.59959
0.9305,1.18409,0.801919,0.801919,1.60378
0.934,1.18685,0.804005,0.804005,1.60795
0.9375,1.1896,0.806081,0.806081,1.6121
0.941,1.19242,0.808147,0.808147,1.61624
0.9445,1.1952,0.810204,0.810204,1.62035
0.948,1.19799,0.812251,0.812251,1.62444
0.9515,1.20078,0.814287,0.814287,1.62852
0.955,1.20355,0.816314,0.816314,1.63257
0.9585,1.20634,0.81833,0.81833,1.6366
0.962,1.2091,0.820337,0.820337,1.64062
0.9655,1.21189,0.822334,0.822334,1.64461
0.969,1.21469,0.82432,0.82432,1.64858
0.9725,1.21748,0.826296,0.826296,1.65254
0.976,1.22024,0.828263,0.828263,1.65647
0.9795,1.223,0.830219,0.830219,1.66038
0.983,1.22581,0.832165,0.832165,1.66427
0.9865,1.2286,0.8341,0.8341,1.66815
0.99,1.23138,0.836026,0.836026,1.672
0.9935,1.23414,0.837941,0.837941,1.67583
0.997,1.23691,0.839846,0.839846,1.67964
1.0005,1.23964,0.841741,0.841741,1.68343
1.004,1.24238,0.843625,0.843625,1.6872
1.0075,1.24511,0.8455,0.8455,1.69095
1.011,1.24785,0.847363,0.847363,1.69467
1.0145,1.25061,0.849217,0.849217,1.69838
1.018,1.25346,0.85106,0.85106,1.70207
1.0215,1.25622,0.852892,0.852892,1.70573
1.025,1.2589,0.854714,0.854714,1.70938
1.0285,1.26166,0.856526,0.856526,1.713
1.032,1.2644,0.858327,0.858327,1.7166
1.0355,1.26715,0.860118,0.860118,1.72018
1.039,1.26993,0.861898,0.861898,1.72374
1.0425,1.27267,0.863667,0.863667,1.72728
1.046,1.27541,0.865426,0.865426,1.7308
1.0495,1.27813,0.867174,0.867174,1.7343
1.053,1.28093,0.868912,0.868912,1.73777
1.0565,1.28369,0.870639,0.870639,1.74123
1.06,1.28644,0.872355,0.872355,1.74466
1.0635,1.28924,0.874061,0.874061,1.74807
1.067,1.29115,0.875756,0.875756,1.75146
1.0705,1.29373,0.87744,0.87744,1.75483
1.074,1.29644,0.879114,0.879114,1.75818
1.0775,1.2992,0.880777,0.880777,1.76151
1.081,1.30195,0.882429,0.882429,1.76481
1.0845,1.30468,0.88407,0.88407,1.76809
1.088,1.30739,0.8857,0.8857,1.77135
1.0915,1.31014,0.88732,0.88732,1.77459
1.095,1.3129,0.888928,0.888928,1.77781
1.0985,1.3156,0.890526,0.890526,1.78101
1.102,1.31835,0.892113,0.892113,1.78418
1.1055,1.32107,0.893689,0.893689,1.78733
1.109,1.32378,0.895254,0.895254,1.79046
1.1125,1.32648,0.896808,0.896808,1.79357
1.116,1.32921,0.898351,0.898351,1.79666
1.1195,1.33196,0.899882,0.899882,1.79972
1.123,1.33434,0.901403,0.901403,1.80276
1.1265,1.33626,0.902913,0.902913,1.80578
1.13,1.33816,0.904412,0.904412,1.80878
1.1335,1.34009,0.9059,0.9059,1.81176
1.137,1.34201,0.907377,0.907377,1.81471
1.1405,1.34393,0.908842,0.908842,1.81764
1.144,1.34586,0.910297,0.910297,1.82055
1.1475,1.3478,0.91174,0.91174,1.82344
1.151,1.34972,0.913172,0.913172,1.8263
1.1545,1.35163,0.914593,0.914593,1.82915
1.158,1.35354,0.916003,0.916003,1.83197
1.1615,1.35546,0.917401,0.917401,1.83476
1.165,1.35737,0.918788,0.918788,1.83754
1.1685,1.35932,0.920164,0.920164,1.84029
1.172,1.362,0.921529,0.921529,1.84302
1.1755,1.36481,0.922882,0.922882,1.84573
1.179,1.3676,0.924225,0.924225,1.84841
1.1825,1.37044,0.925555,0.925555,1.85107
1.186,1.3732,0.926875,0.926875,1.85371
1.1895,1.37604,0.928183,0.928183,1.85633
1.193,1.37893,0.92948,0.92948,1.85892
1.1965,1.38169,0.930765,0.930765,1.86149
1.2,1.3844,0.932039,0.932039,1.86404
1.2035,1.38712,0.933302,0.933302,1.86657
1.207,1.38982,0.934553,0.934553,1.86907
1.2105,1.39255,0.935792,0.935792,1.87155
1.214,1.39525,0.937021,0.937021,1.87401
1.2175,1.39797,0.938237,0.938237,1.87644
1.221,1.40067,0.939443,0.939443,1.87885
1.2245,1.40339,0.940636,0.940636,1.88124
1.228,1.4061,0.941818,0.941818,1.8836
1.2315,1.4088,0.942989,0.942989,1.88594
1.235,1.41153,0.944148,0.944148,1.88826
1.2385,1.41426,0.945296,0.945296,1.89056
1.242,1.41701,0.946432,0.946432,1.89283
1.2455,1.4197,0.947556,0.947556,1.89508
1.249,1.42244,0.948669,0.948669,1.89731
1.2525,1.42513,0.94977,0.94977,1.89951
1.256,1.42784,0.950859,0.950859,1.90169
1.2595,1.43061,0.951937,0.951937,1.90384
1.263,1.43313,0.953004,0.953004,1.90598
1.2665,1.4358,0.954058,0.954058,1.90809
1.27,1.43855,0.955101,0.955101,1.91017
1.2735,1.4413,0.956132,0.956132,1.91223
1.277,1.444,0.957151,0.957151,1.91427
1.2805,1.44668,0.958159,0.958159,1.91629
1.284,1.44941,0.959155,0.959155,1.91828
1.2875,1.45212,0.960139,0.960139,1.92025
1.291,1.45482,0.961112,0.961112,1.9222
1.2945,1.45757,0.962072,0.962072,1.92412
1.298,1.46031,0.963021,0.963021,1.92602
1.3015,1.46302,0.963958,0.963958,1.92789
1.305,1.46576,0.964884,0.964884,1.92974
1.3085,1.46849,0.965797,0.965797,1.93157
1.312,1.47119,0.966699,0.966699,1.93337
1.3155,1.4739,0.967589,0.967589,1.93515
1.319,1.4766,0.968466,0.968466,1.93691
1.3225,1.47928,0.969333,0.969333,1.93864
1.326,1.48204,0.970187,0.970187,1.94035
1.3295,1.48476,0.971029,0.971029,1.94203
1.333,1.48748,0.971859,0.971859,1.9437
1.3365,1.49023,0.972678,0.972678,1.94533
1.34,1.49293,0.973485,0.973485,1.94695
1.3435,1.49566,0.974279,0.974279,1.94854
1.347,1.49853,0.975062,0.975062,1.9501
1.3505,1.50125,0.975833,0.975833,1.95164
1.354,1.50394,0.976592,0.976592,1.95316
1.3575,1.5067,0.977338,0.977338,1.95466
1.361,1.50922,0.978073,0.978073,1.95613
1.3645,1.51114,0.978796,0.978796,1.95757
1.368,1.51301,0.979507,0.979507,1.95899
1.3715,1.51491,0.980206,0.980206,1.96039
1.375,1.51718,0.980893,0.980893,1.96177
1.3785,1.51991,0.981568,0.981568,1.96312
1.382,1.52251,0.982231,0.982231,1.96444
1.3855,1.52456,0.982882,0.982882,1.96574
1.389,1.52646,0.983521,0.983521,1.96702
1.3925,1.52847,0.984147,0.984147,1.96828
1.396,1.53067,0.984762,0.984762,1.96951
1.3995,1.53334,0.985365,0.985365,1.97071
1.403,1.53668,0.985955,0.985955,1.97189
1.4065,1.5399,0.986534,0.986534,1.97305
1.41,1.54211,0.9871,0.9871,1.97418
1.4135,1.54404,0.987654,0.987654,1.97529
1.417,1.54594,0.988197,0.988197,1.97638
1.4205,1.54802,0.988727,0.988727,1.97744
1.424,1.55001,0.989245,0.989245,1.97847
1.4275,1.55191,0.989751,0.989751,1.97949
1.431,1.55382,0.990244,0.990244,1.98047
1.4345,1.55572,0.990726,0.990726,1.98144
1.438,1.55767,0.991196,0.991196,1.98238
1.4415,1.55961,0.991653,0.991653,1.98329
1.445,1.56151,0.992098,0.992098,1.98418
1.4485,1.56345,0.992531,0.992531,1.98505
1.452,1.56538,0.992952,0.992952,1.98589
1.4555,1.5673,0.993361,0.993361,1.98671
1.459,1.56923,0.993757,0.993757,1.9875
1.4625,1.57115,0.994142,0.994142,1.98827
1.466,1.5731,0.994514,0.994514,1.98902
1.4695,1.57502,0.994874,0.994874,1.98974
1.473,1.57696,0.995222,0.995222,1.99043
1.4765,1.57889,0.995557,0.995557,1.99111
1.48,1.58081,0.995881,0.995881,1.99175
1.4835,1.58273,0.996192,0.996192,1.99238
1.487,1.58466,0.996491,0.996491,1.99297
1.4905,1.58674,0.996778,0.996778,1.99355
1.494,1.58884,0.997053,0.997053,1.9941
1.4975,1.59081,0.997315,0.997315,1.99462
1.501,1.59314,0.997565,0.997565,1.99512
1.5045,1.59548,0.997803,0.997803,1.9956
1.508,1.5978,0.998029,0.998029,1.99605
1.5115,1.60016,0.998242,0.998242,1.99648
1.515,1.60254,0.998444,0.998444,1.99688
1.5185,1.60493,0.998633,0.998633,1.99726
1.522,1.60735,0.99881,0.99881,1.99761
1.5255,1.60976,0.998974,0.998974,1.99794
1.529,1.61218,0.999127,0.999127,1.99825
1.5325,1.61456,0.999267,0.999267,1.99853
1.536,1.61697,0.999395,0.999395,1.99879
1.5395,1.61938,0.99951,0.99951,1.99902
1.543,1.62179,0.999614,0.999614,1.99922
1.5465,1.62422,0.999705,0.999705,1.99941
1.55,1.62661,0.999784,0.999784,1.99957
1.5535,1.62899,0.99985,0.99985,1.9997
1.557,1.63142,0.999905,0.999905,1.99981
1.5605,1.63382,0.999947,0.999947,1.99989
1.564,1.63621,0.999977,0.999977,1.99995
1.5675,1.63847,0.999995,0.999995,1.99999
1.571,1.64043,1,1,2
1.5745,1.64229,0.999993,0.999993,1.99999
1.578,1.64417,0.999974,0.999974,1.99995
1.5815,1.64603,0.999943,0.999943,1.99989
1.585,1.64794,0.999899,0.999899,1.9998
1.5885,1.64982,0.999843,0.999843,1.99969
1.592,1.65172,0.999775,0.999775,1.99955
1.5955,1.6536,0.999695,0.999695,1.99939
1.599,1.65548,0.999602,0.999602,1.99921
1.6025,1.65737,0.999497,0.999497,1.999
1.606,1.65927,0.99938,0.99938,1.99876
1.6095,1.66113,0.999251,0.999251,1.99851
1.613,1.66303,0.99911,0.99911,1.99822
1.6165,1.66492,0.998956,0.998956,1.99792
1.62,1.66681,0.99879,0.99879,1.99758
1.6235,1.66867,0.998611,0.998611,1.99723
1.627,1.67053,0.998421,0.998421,1.99685
1.6305,1.67242,0.998218,0.998218,1.99644
1.634,1.6743,0.998003,0.998003,1.99601
1.6375,1.67613,0.997776,0.997776,1.99556
1.641,1.678,0.997537,0.997537,1.99508
1.6445,1.67989,0.997285,0.997285,1.99458
1.648,1.68176,0.997021,0.997021,1.99405
1.6515,1.68364,0.996745,0.996745,1.9935
1.655,1.6855,0.996457,0.996457,1.99292
1.6585,1.68739,0.996156,0.996156,1.99232
1.662,1.68929,0.995844,0.995844,1.9917
1.6655,1.69117,0.995519,0.995519,1.99105
1.669,1.69304,0.995182,0.995182,1.99037
1.6725,1.69493,0.994833,0.994833,1.98968
1.676,1.69682,0.994471,0.994471,1.98895
1.6795,1.69871,0.994098,0.994098,1.98821
1.683,1.7006,0.993712,0.993712,1.98743
1.6865,1.70249,0.993314,0.993314,1.98664
1.69,1.70442,0.992904,0.992904,1.98582
1.6935,1.70634,0.992481,0.992481,1.98497
1.697,1.70874,0.992047,0.992047,1.98411
1.7005,1.71107,0.9916,0.9916,1.98321
1.704,1.71304,0.991142,0.991142,1.9823
1.7075,1.71505,0.990671,0.990671,1.98135
1.711,1.71693,0.990188,0.990188,1.98039
1.7145,1.71884,0.989692,0.989692,1.9794
1.718,1.72158,0.989185,0.989185,1.97838
1.7215,1.72418,0.988666,0.988666,1.97735
1.725,1.72676,0.988134,0.988134,1.97628
1.7285,1.72934,0.987591,0.987591,1.9752
1.732,1.73191,0.987035,0.987035,1.97409
1.7355,1.73446,0.986467,0.986467,1.97295
1.739,1.73703,0.985887,0.985887,1.97179
1.7425,1.73961,0.985295,0.985295,1.97061
1.746,1.74217,0.984691,0.984691,1.9694
1.7495,1.74475,0.984075,0.984075,1.96817
1.753,1.74734,0.983447,0.983447,1.96691
1.7565,1.74992,0.982807,0.982807,1.96563
1.76,1.75247,0.982154,0.982154,1.96433
1.7635,1.75505,0.98149,0.98149,1.963
1.767,1.75762,0.980814,0.980814,1.96165
1.7705,1.76019,0.980125,0.980125,1.96027
1.774,1.76275,0.979425,0.979425,1.95887
1.7775,1.76532,0.978713,0.978713,1.95745
1.781,1.76792,0.977988,0.977988,1.956
1.7845,1.77053,0.977252,0.977252,1.95453
1.788,1.7731,0.976504,0.976504,1.95303
1.7915,1.77571,0.975744,0.975744,1.95151
1.795,1.7783,0.974971,0.974971,1.94997
1.7985,1.78088,0.974187,0.974187,1.9484
1.802,1.78344,0.973391,0.973391,1.94681
1.8055,1.78604,0.972583,0.972583,1.94519
1.809,1.78849,0.971763,0.971763,1.94355
1.8125,1.79035,0.970932,0.970932,1.94189
1.816,1.79222,0.970088,0.970088,1.9402
1.8195,1.79408,0.969232,0.969232,1.93849
1.823,1.79596,0.968365,0.968365,1.93675
1.8265,1.7978,0.967486,0.967486,1.935
1.83,1.7997,0.966594,0.966594,1.93321
1.8335,1.80155,0.965691,0.965691,1.93141
1.837,1.80341,0.964777,0.964777,1.92958
1.8405,1.80529,0.96385,0.96385,1.92773
1.844,1.80711,0.962911,0.962911,1.92585
1.8475,1.80897,0.961961,0.961961,1.92395
1.851,1.81084,0.960999,0.960999,1.92203
1.8545,1.8127,0.960025,0.960025,1.92008
1.858,1.8146,0.95904,0.95904,1.91811
1.8615,1.81646,0.958042,0.958042,1.91611
1.865,1.81833,0.957033,0.957033,1.9141
1.8685,1.82022,0.956013,0.956013,1.91205
1.872,1.82209,0.95498,0.95498,1.90999
1.8755,1.82394,0.953936,0.953936,1.9079
1.879,1.82578,0.95288,0.95288,1.90579
1.8825,1.82765,0.951812,0.951812,1.90366
1.886,1.82952,0.950733,0.950733,1.9015
1.8895,1.83202,0.949642,0.949642,1.89932
1.893,1.83468,0.94854,0.94854,1.89711
1.8965,1.8373,0.947426,0.947426,1.89488
1.9,1.83996,0.9463,0.9463,1.89263
1.9035,1.84276,0.945163,0.945163,1.89036
1.907,1.84555,0.944014,0.944014,1.88806
1.9105,1.84828,0.942853,0.942853,1.88574
1.914,1.85103,0.941681,0.941681,1.8834
1.9175,1.85375,0.940498,0.940498,1.88103
1.921,1.85649,0.939303,0.939303,1.87864
1.9245,1.8592,0.938096,0.938096,1.87623
1.928,1.86188,0.936878,0.936878,1.87379
1.9315,1.86458,0.935649,0.935649,1.87133
1.935,1.86728,0.934408,0.934408,1.86885
1.9385,1.86996,0.933155,0.933155,1.86635
1.942,1.87265,0.931891,0.931891,1.86382
1.9455,1.87537,0.930616,0.930616,1.86127
1.949,1.87805,0.929329,0.929329,1.8587
1.9525,1.88072,0.928031,0.928031,1.8561
1.956,1.88343,0.926722,0.926722,1.85348
1.9595,1.88615,0.925401,0.925401,1.85084
1.963,1.88883,0.924069,0.924069,1.84818
1.9665,1.89153,0.922726,0.922726,1.84549
1.97,1.89425,0.921371,0.921371,1.84278
1.9735,1.89616,0.920005,0.920005,1.84005
1.977,1.89802,0.918627,0.918627,1.83729
1.9805,1.89989,0.917239,0.917239,1.83452
1.984,1.90177,0.915839,0.915839,1.83172
1.9875,1.90366,0.914428,0.914428,1.8289
1.991,1.90555,0.913006,0.913006,1.82605
1.9945,1.90742,0.911572,0.911572,1.82319
1.998,1.90928,0.910128,0.910128,1.8203
2.0015,1.91115,0.908672,0.908672,1.81739
2.005,1.91304,0.907205,0.907205,1.81445
2.0085,1.9149,0.905727,0.905727,1.8115
2.012,1.91677,0.904238,0.904238,1.80852
2.0155,1.91863,0.902738,0.902738,1.80552
2.019,1.92048,0.901227,0.901227,1.8025
2.0225,1.92236,0.899705,0.899705,1.79945
2.026,1.92423,0.898172,0.898172,1.79639
2.0295,1.92611,0.896627,0.896627,1.7933
2.033,1.92798,0.895072,0.895072,1.79019
2.0365,1.92992,0.893506,0.893506,1.78706
2.04,1.93255,0.891929,0.891929,1.7839
2.0435,1.93528,0.890341,0.890341,1.78073
2.047,1.93801,0.888742,0.888742,1.77753
2.0505,1.94072,0.887132,0.887132,1.77431
2.054,1.94289,0.885511,0.885511,1.77107
2.0575,1.94478,0.883879,0.883879,1.76781
2.061,1.94664,0.882237,0.882237,1.76452
2.0645,1.94853,0.880584,0.880584,1.76121
2.068,1.95041,0.87892,0.87892,1.75789
2.0715,1.95243,0.877245,0.877245,1.75454
2.075,1.95449,0.875559,0.875559,1.75117
2.0785,1.95653,0.873863,0.873863,1.74778
2.082,1.95861,0.872156,0.872156,1.74436
2.0855,1.96114,0.870439,0.870439,1.74093
2.089,1.96314,0.86871,0.86871,1.73747
2.0925,1.96503,0.866971,0.866971,1.73399
2.096,1.9669,0.865222,0.865222,1.73049
2.0995,1.96878,0.863462,0.863462,1.72697
2.103,1.97065,0.861691,0.861691,1.72343
2.1065,1.97253,0.85991,0.85991,1.71987
2.11,1.97441,0.858118,0.858118,1.71629
2.1135,1.97626,0.856315,0.856315,1.71268
2.117,1.97811,0.854503,0.854503,1.70906
2.1205,1.98,0.852679,0.852679,1.70541
2.124,1.98186,0.850846,0.850846,1.70174
2.1275,1.98374,0.849001,0.849001,1.69806
2.131,1.986,0.847147,0.847147,1.69435
2.1345,1.98793,0.845282,0.845282,1.69062
2.138,1.98981,0.843407,0.843407,1.68687
2.1415,1.99167,0.841521,0.841521,1.6831
2.145,1.99355,0.839625,0.839625,1.6793
2.1485,1.99544,0.837719,0.837719,1.67549
2.152,1.99733,0.835802,0.835802,1.67166
2.1555,1.99921,0.833876,0.833876,1.66781
2.159,2.00125,0.831939,0.831939,1.66393
2.1625,2.00347,0.829992,0.829992,1.66004
2.166,2.00559,0.828034,0.828034,1.65612
2.1695,2.00785,0.826067,0.826067,1.65219
2.173,2.01014,0.824089,0.824089,1.64824
2.1765,2.01237,0.822102,0.822102,1.64426
2.18,2.01467,0.820104,0.820104,1.64027
2.1835,2.01698,0.818096,0.818096,1.63625
2.187,2.01937,0.816078,0.816078,1.63221
2.1905,2.02169,0.814051,0.814051,1.62816
2.194,2.02389,0.812013,0.812013,1.62408
2.1975,2.0262,0.809965,0.809965,1.61999
2.201,2.02881,0.807907,0.807907,1.61587
2.2045,2.03214,0.80584,0.80584,1.61174
2.208,2.03542,0.803763,0.803763,1.60758
2.2115,2.03866,0.801675,0.801675,1.60341
2.215,2.04198,0.799578,0.799578,1.59922
2.2185,2.04517,0.797471,0.797471,1.595
2.222,2.04844,0.795355,0.795355,1.59077
2.2255,2.05176,0.793228,0.793228,1.58652
2.229,2.05447,0.791092,0.791092,1.58225
2.2325,2.05704,0.788947,0.788947,1.57795
2.236,2.05928,0.786791,0.786791,1.57364
2.2395,2.06133,0.784626,0.784626,1.56931
2.243,2.06422,0.782451,0.782451,1.56496
2.2465,2.06669,0.780267,0.780267,1.5606
2.25,2.06872,0.778073,0.778073,1.55621
2.2535,2.07078,0.77587,0.77587,1.5518
2.257,2.07277,0.773657,0.773657,1.54738
2.2605,2.07465,0.771435,0.771435,1.54293
2.264,2.07657,0.769203,0.769203,1.53847
2.2675,2.07842,0.766962,0.766962,1.53399
2.271,2.08034,0.764711,0.764711,1.52949
2.2745,2.08226,0.762451,0.762451,1.52497
2.278,2.08415,0.760182,0.760182,1.52043
2.2815,2.08637,0.757903,0.757903,1.51587
2.285,2.08911,0.755615,0.755615,1.5113
2.2885,2.09182,0.753318,0.753318,1.5067
2.292,2.09401,0.751012,0.751012,1.50209
2.2955,2.09588,0.748696,0.748696,1.49746
2.299,2.09772,0.746371,0.746371,1.49281
2.3025,2.09957,0.744037,0.744037,1.48814
2.306,2.10143,0.741694,0.741694,1.48346
2.3095,2.1033,0.739342,0.739342,1.47875
2.313,2.10516,0.736981,0.736981,1.47403
2.3165,2.10703,0.734611,0.734611,1.46929
2.32,2.10889,0.732231,0.732231,1.46453
2.3235,2.11074,0.729843,0.729843,1.45975
2.327,2.11259,0.727446,0.727446,1.45496
2.3305,2.11444,0.72504,0.72504,1.45015
2.334,2.11631,0.722625,0.722625,1.44532
2.3375,2.11816,0.720201,0.720201,1.44047
2.341,2.12001,0.717769,0.717769,1.43561
2.3445,2.12186,0.715327,0.715327,1.43072
2.348,2.12376,0.712877,0.712877,1.42582
2.3515,2.12561,0.710418,0.710418,1.42091
2.355,2.12748,0.707951,0.707951,1.41597
2.3585,2.12933,0.705475,0.705475,1.41102
2.362,2.13123,0.70299,0.70299,1.40605
2.3655,2.1331,0.700496,0.700496,1.40106
2.369,2.13516,0.697994,0.697994,1.39606
2.3725,2.13812,0.695484,0.695484,1.39104
2.376,2.14106,0.692964,0.692964,1.386
2.3795,2.14377,0.690437,0.690437,1.38095
2.383,2.1465,0.687901,0.687901,1.37587
2.3865,2.1492,0.685356,0.685356,1.37079
2.39,2.15194,0.682803,0.682803,1.36568
2.3935,2.1547,0.680242,0.680242,1.36056
2.397,2.15743,0.677672,0.677672,1.35542
2.4005,2.1602,0.675094,0.675094,1.35026
2.404,2.16296,0.672508,0.672508,1.34509
2.4075,2.16565,0.669914,0.669914,1.3399
2.411,2.16844,0.667311,0.667311,1.3347
2.4145,2.17118,0.6647,0.6647,1.32948
2.418,2.17394,0.662081,0.662081,1.32424
2.4215,2.17595,0.659454,0.659454,1.31898
2.425,2.17781,0.656819,0.656819,1.31371
2.4285,2.17969,0.654176,0.654176,1.30843
2.432,2.18156,0.651525,0.651525,1.30313
2.4355,2.18342,0.648866,0.648866,1.29781
2.439,2.18526,0.646198,0.646198,1.29247
2.4425,2.18713,0.643523,0.643523,1.28712
2.446,2.18898,0.640841,0.640841,1.28176
2.4495,2.19087,0.63815,0.63815,1.27638
2.453,2.19275,0.635451,0.635451,1.27098
2.4565,2.19464,0.632745,0.632745,1.26557
2.46,2.19654,0.630031,0.630031,1.26014
2.4635,2.19849,0.627309,0.627309,1.2547
2.467,2.20036,0.624579,0.624579,1.24924
2.4705,2.20226,0.621842,0.621842,1.24376
2.474,2.20415,0.619097,0.619097,1.23827
2.4775,2.20604,0.616345,0.616345,1.23277
2.481,2.20792,0.613585,0.613585,1.22725
2.4845,2.2098,0.610817,0.610817,1.22171
2.488,2.21165,0.608043,0.608043,1.21616
2.4915,2.21352,0.60526,0.60526,1.2106
2.495,2.21543,0.60247,0.60247,1.20502
2.4985,2.21732,0.599673,0.599673,1.19943
2.502,2.21922,0.596869,0.596869,1.19382
2.5055,2.2211,0.594057,0.594057,1.18819
2.509,2.223,0.591238,0.591238,1.18256
2.5125,2.22487,0.588411,0.588411,1.1769
2.516,2.2268,0.585578,0.585578,1.17124
2.5195,2.22872,0.582737,0.582737,1.16556
2.523,2.23065,0.579889,0.579889,1.15986
2.5265,2.23254,0.577034,0.577034,1.15415
2.53,2.23445,0.574172,0.574172,1.14843
2.5335,2.23635,0.571303,0.571303,1.14269
2.537,2.23822,0.568427,0.568427,1.13694
2.5405,2.24011,0.565544,0.565544,1.13117
2.544,2.24198,0.562654,0.562654,1.12539
2.5475,2.24387,0.559757,0.559757,1.1196
2.551,2.24577,0.556853,0.556853,1.11379
2.5545,2.24768,0.553943,0.553943,1.10797
2.558,2.24957,0.551026,0.551026,1.10213
2.5615,2.25147,0.548101,0.548101,1.09629
2.565,2.25337,0.545171,0.545171,1.09043
2.5685,2.25525,0.542233,0.542233,1.08455
2.572,2.25712,0.539289,0.539289,1.07866
2.5755,2.259,0.536338,0.536338,1.07276
2.579,2.26084,0.533381,0.533381,1.06685
2.5825,2.26273,0.530417,0.530417,1.06092
2.586,2.26463,0.527447,0.527447,1.05498
2.5895,2.26654,0.52447,0.52447,1.04903
2.593,2.26838,0.521487,0.521487,1.04306
2.5965,2.27024,0.518497,0.518497,1.03708
2.6,2.27217,0.515501,0.515501,1.03109
2.6035,2.27405,0.512499,0.512499,1.02508
2.607,2.27591,0.509491,0.509491,1.01907
2.6105,2.27779,0.506476,0.506476,1.01304
2.614,2.27968,0.503455,0.503455,1.007
2.6175,2.2816,0.500428,0.500428,1.00094
2.621,2.2835,0.497394,0.497394,0.994875
2.6245,2.28536,0.494355,0.494355,0.988797
2.628,2.28724,0.49131,0.49131,0.982706
2.6315,2.28915,0.488258,0.488258,0.976603
2.635,2.29108,0.485201,0.485201,0.970489
2.6385,2.29297,0.482137,0.482137,0.964362
2.642,2.29486,0.479068,0.479068,0.958224
2.6455,2.2968,0.475993,0.475993,0.952074
2.649,2.2987,0.472912,0.472912,0.945912
2.6525,2.30058,0.469825,0.469825,0.939739
2.656,2.30246,0.466733,0.466733,0.933554
2.6595,2.30434,0.463634,0.463634,0.927357
2.663,2.30622,0.46053,0.46053,0.92115
2.6665,2.30811,0.457421,0.457421,0.914931
2.67,2.31001,0.454306,0.454306,0.9087
2.6735,2.31189,0.451185,0.451185,0.902459
2.677,2.31378,0.448059,0.448059,0.896207
2.6805,2.31566,0.444927,0.444927,0.889943
2.684,2.31757,0.44179,0.44179,0.883669
2.6875,2.31946,0.438647,0.438647,0.877384
2.691,2.32136,0.435499,0.435499,0.871088
2.6945,2.32324,0.432346,0.432346,0.864782
2.698,2.32513,0.429187,0.429187,0.858465
2.7015,2.32709,0.426023,0.426023,0.852137
2.705,2.32914,0.422854,0.422854,0.845799
2.7085,2.331,0.41968,0.41968,0.839451
2.712,2.3329,0.416501,0.416501,0.833092
2.7155,2.33477,0.413316,0.413316,0.826723
2.719,2.33668,0.410126,0.410126,0.820344
2.7225,2.33858,0.406932,0.406932,0.813955
2.726,2.34048,0.403732,0.403732,0.807556
2.7295,2.34237,0.400528,0.400528,0.801147
2.733,2.34426,0.397318,0.397318,0.794728
2.7365,2.34616,0.394104,0.394104,0.7883
2.74,2.34804,0.390885,0.390885,0.781862
2.7435,2.34994,0.387661,0.387661,0.775414
2.747,2.35186,0.384432,0.384432,0.768957
2.7505,2.35374,0.381199,0.381199,0.76249
2.754,2.35561,0.377961,0.377961,0.756014
2.7575,2.3575,0.374718,0.374718,0.749529
2.761,2.35959,0.371471,0.371471,0.743034
2.7645,2.3619,0.368219,0.368219,0.736531
2.768,2.3642,0.364963,0.364963,0.730018
2.7715,2.36651,0.361702,0.361702,0.723497
2.775,2.36884,0.358437,0.358437,0.716967
2.7785,2.37114,0.355167,0.355167,0.710427
2.782,2.37345,0.351893,0.351893,0.70388
2.7855,2.37576,0.348615,0.348615,0.697323
2.789,2.37806,0.345332,0.345332,0.690758
2.7925,2.38039,0.342045,0.342045,0.684185
2.796,2.3827,0.338754,0.338754,0.677603
2.7995,2.38503,0.335459,0.335459,0.671013
2.803,2.38741,0.33216,0.33216,0.664414
2.8065,2.38978,0.328857,0.328857,0.657808
2.81,2.39218,0.325549,0.325549,0.651193
2.8135,2.39459,0.322238,0.322238,0.644571
2.817,2.39698,0.318923,0.318923,0.63794
2.8205,2.3994,0.315604,0.315604,0.631302
2.824,2.40176,0.312281,0.312281,0.624656
2.8275,2.40434,0.308954,0.308954,0.618002
2.831,2.40662,0.305623,0.305623,0.611341
2.8345,2.40909,0.302289,0.302289,0.604672
2.838,2.4117,0.29895,0.29895,0.597996
2.8415,2.41399,0.295609,0.295609,0.591313
2.845,2.41639,0.292263,0.292263,0.584622
2.8485,2.41877,0.288914,0.288914,0.577924
2.852,2.42119,0.285562,0.285562,0.57122
2.8555,2.42357,0.282206,0.282206,0.564508
2.859,2.42597,0.278846,0.278846,0.557789
2.8625,2.42836,0.275484,0.275484,0.551063
2.866,2.43074,0.272117,0.272117,0.544331
2.8695,2.43312,0.268748,0.268748,0.537592
2.873,2.43552,0.265375,0.265375,0.530846
2.8765,2.43807,0.261999,0.261999,0.524094
2.88,2.44082,0.258619,0.258619,0.517335
2.8835,2.44342,0.255237,0.255237,0.51057
2.887,2.44604,0.251851,0.251851,0.503799
2.8905,2.44872,0.248462,0.248462,0.497022
2.894,2.45139,0.245071,0.245071,0.490238
2.8975,2.45412,0.241676,0.241676,0.483449
2.901,2.45678,0.238278,0.238278,0.476654
2.9045,2.45946,0.234878,0.234878,0.469852
2.908,2.4616,0.231474,0.231474,0.463045
2.9115,2.46348,0.228068,0.228068,0.456233
2.915,2.46536,0.224659,0.224659,0.449415
2.9185,2.46722,0.221247,0.221247,0.442591
2.922,2.46907,0.217832,0.217832,0.435762
2.9255,2.47094,0.214415,0.214415,0.428927
2.929,2.47278,0.210995,0.210995,0.422088
2.9325,2.47463,0.207572,0.207572,0.415243
2.936,2.47648,0.204147,0.204147,0.408393
2.9395,2.47838,0.20072,0.20072,0.401538
2.943,2.48032,0.19729,0.19729,0.394678
2.9465,2.4825,0.193857,0.193857,0.387813
2.95,2.48531,0.190423,0.190423,0.380943
2.9535,2.48802,0.186986,0.186986,0.374069
2.957,2.49076,0.183546,0.183546,0.367191
2.9605,2.49383,0.180104,0.180104,0.360307
2.964,2.49672,0.176661,0.176661,0.35342
2.9675,2.49965,0.173215,0.173215,0.346528
2.971,2.50264,0.169766,0.169766,0.339631
2.9745,2.50562,0.166316,0.166316,0.332731
2.978,2.50859,0.162864,0.162864,0.325827
2.9815,2.51154,0.15941,0.15941,0.318918
2.985,2.51446,0.155953,0.155953,0.312006
2.9885,2.5174,0.152495,0.152495,0.30509
2.992,2.52032,0.149035,0.149035,0.29817
2.9955,2.52325,0.145574,0.145574,0.291246
2.999,2.52621,0.14211,0.14211,0.284319
3.0025,2.52916,0.138645,0.138645,0.277388
3.006,2.5321,0.135178,0.135178,0.270454
3.0095,2.53505,0.131709,0.131709,0.263517
3.013,2.53803,0.128239,0.128239,0.256576
3.0165,2.54093,0.124767,0.124767,0.249633
3.02,2.54387,0.121293,0.121293,0.242686
3.0235,2.54682,0.117818,0.117818,0.235736
3.027,2.54979,0.114342,0.114342,0.228783
3.0305,2.55272,0.110864,0.110864,0.221828
3.034,2.5557,0.107385,0.107385,0.21487
3.0375,2.55863,0.103905,0.103905,0.207909
3.041,2.56156,0.100423,0.100423,0.200946
3.0445,2.56447,0.0969402,0.0969402,0.19398
3.048,2.56744,0.0934561,0.0934561,0.187012
3.0515,2.57038,0.0899708,0.0899708,0.180041
3.055,2.57332,0.0864845,0.0864845,0.173069
3.0585,2.57628,0.0829971,0.0829971,0.166094
3.062,2.57923,0.0795086,0.0795086,0.159117
3.0655,2.58217,0.0760192,0.0760192,0.152138
3.069,2.58515,0.0725289,0.0725289,0.145158
3.0725,2.58809,0.0690377,0.0690377,0.138175
3.076,2.59106,0.0655456,0.0655456,0.131191
3.0795,2.59404,0.0620528,0.0620528,0.124205
3.083,2.59702,0.0585591,0.0585591,0.117218
3.0865,2.59998,0.0550648,0.0550648,0.110229
3.09,2.60297,0.0515698,0.0515698,0.103239
3.0935,2.60553,0.0480741,0.0480741,0.0962481
3.097,2.60741,0.0445779,0.0445779,0.0892557
3.1005,2.60931,0.0410811,0.0410811,0.0822621
3.104,2.61122,0.0375838,0.0375838,0.0752675
3.1075,2.61311,0.034086,0.034086,0.068272
3.111,2.61499,0.0305879,0.0305879,0.0612757
3.1145,2.61686,0.0270893,0.0270893,0.0542786
3.118,2.61875,0.0235905,0.0235905,0.0472809
3.1215,2.62065,0.0200913,0.0200913,0.0402826
3.125,2.62255,0.0165919,0.0165919,0.0332838
3.1285,2.62451,0.0130923,0.0130923,0.0262846
3.132,2.62644,0.00959251,0.00959251,0.019285
3.1355,2.62839,0.00609262,0.00609262,0.0122852
3.139,2.63031,0.00259265,0.00259265,0.0052853
3.1425,2.6322,-0.000907346,-0.000907346,-0.00171469
3.146,2.63412,-0.00440733,-0.00440733,-0.00871467
3.1495,2.63604,-0.00790726,-0.00790726,-0.0157145
3.153,2.63793,-0.0114071,-0.0114071,-0.0227142
3.1565,2.63982,-0.0149068,-0.0149068,-0.0297136
3.16,2.64171,-0.0184063,-0.0184063,-0.0367126
3.1635,2.64358,-0.0219056,-0.0219056,-0.0437112
3.167,2.64549,-0.0254046,-0.0254046,-0.0507093
3.1705,2.6474,-0.0289033,-0.0289033,-0.0577067
3.174,2.64932,-0.0324017,-0.0324017,-0.0647034
3.1775,2.65177,-0.0358996,-0.0358996,-0.0716993
3.181,2.65448,-0.0393971,-0.0393971,-0.0786944
3.1845,2.65723,-0.0428942,-0.0428942,-0.0856885
3.188,2.66004,-0.0463907,-0.0463907,-0.0926815
3.1915,2.66278,-0.0498866,-0.0498866,-0.0996734
3.195,2.6655,-0.053382,-0.053382,-0.106664
3.1985,2.66823,-0.0568766,-0.0568766,-0.113653
3.202,2.67099,-0.0603706,-0.0603706,-0.120641
3.2055,2.67372,-0.0638639,-0.0638639,-0.127628
3.209,2.67648,-0.0673563,-0.0673563,-0.134613
3.2125,2.67925,-0.0708479,-0.0708479,-0.141596
3.216,2.68195,-0.0743387,-0.0743387,-0.148578
3.2195,2.68466,-0.0778286,-0.0778286,-0.155557
3.223,2.68741,-0.0813175,-0.0813175,-0.162535
3.2265,2.69011,-0.0848054,-0.0848054,-0.169511
3.23,2.69291,-0.0882922,-0.0882922,-0.176485
3.2335,2.69564,-0.091778,-0.091778,-0.183456
3.237,2.6976,-0.0952627,-0.0952627,-0.190426
3.2405,2.69947,-0.0987462,-0.0987462,-0.197393
3.244,2.70134,-0.102228,-0.102228,-0.204357
3.2475,2.70319,-0.105709,-0.105709,-0.21132
3.251,2.70508,-0.109189,-0.109189,-0.218279
3.2545,2.70698,-0.112668,-0.112668,-0.225236
3.258,2.70886,-0.116145,-0.116145,-0.23219
3.2615,2.71073,-0.11962,-0.11962,-0.239141
3.265,2.71261,-0.123094,-0.123094,-0.246089
3.2685,2.7145,-0.126567,-0.126567,-0.253035
3.272,2.71636,-0.130038,-0.130038,-0.259977
3.2755,2.71821,-0.133508,-0.133508,-0.266916
3.279,2.7201,-0.136975,-0.136975,-0.273852
3.2825,2.72198,-0.140442,-0.140442,-0.280784
3.286,2.72401,-0.143906,-0.143906,-0.287713
3.2895,2.72606,-0.147369,-0.147369,-0.294638
3.293,2.72798,-0.15083,-0.15083,-0.30156
3.2965,2.72988,-0.154289,-0.154289,-0.308478
3.3,2.73197,-0.157746,-0.157746,-0.315393
3.3035,2.73493,-0.161201,-0.161201,-0.322303
3.307,2.73792,-0.164654,-0.164654,-0.32921
3.3105,2.74084,-0.168105,-0.168105,-0.336112
3.314,2.74378,-0.171555,-0.171555,-0.34301
3.3175,2.74679,-0.175002,-0.175002,-0.349905
3.321,2.74967,-0.178446,-0.178446,-0.356795
3.3245,2.75273,-0.181889,-0.181889,-0.36368
3.328,2.7559,-0.18533,-0.18533,-0.370561
3.3315,2.75796,-0.188768,-0.188768,-0.377438
3.335,2.75984,-0.192204,-0.192204,-0.38431
3.3385,2.76171,-0.195637,-0.195637,-0.391177
3.342,2.76363,-0.199069,-0.199069,-0.398039
3.3455,2.76555,-0.202497,-0.202497,-0.404897
3.349,2.76746,-0.205924,-0.205924,-0.411749
3.3525,2.76935,-0.209347,-0.209347,-0.418597
3.356,2.77129,-0.212768,-0.212768,-0.425439
3.3595,2.77321,-0.216187,-0.216187,-0.432276
3.363,2.7751,-0.219603,-0.219603,-0.439108
3.3665,2.777,-0.223016,-0.223016,-0.445935
3.37,2.77891,-0.226427,-0.226427,-0.452756
3.3735,2.78086,-0.229834,-0.229834,-0.459571
3.377,2.78295,-0.233239,-0.233239,-0.466381
3.3805,2.78486,-0.236641,-0.236641,-0.473185
3.384,2.78679,-0.24004,-0.24004,-0.479983
3.3875,2.7887,-0.243436,-0.243436,-0.486776
3.391,2.79062,-0.24683,-0.24683,-0.493562
3.3945,2.79255,-0.25022,-0.25022,-0.500343
3.398,2.79449,-0.253607,-0.253607,-0.507117
3.4015,2.79635,-0.256991,-0.256991,-0.513885
3.405,2.79827,-0.260372,-0.260372,-0.520647
3.4085,2.80016,-0.26375,-0.26375,-0.527403
3.412,2.80209,-0.267124,-0.267124,-0.534152
3.4155,2.804,-0.270495,-0.270495,-0.540894
3.419,2.8059,-0.273863,-0.273863,-0.54763
3.4225,2.80782,-0.277228,-0.277228,-0.554359
3.426,2.8097,-0.280589,-0.280589,-0.561081
3.4295,2.81155,-0.283946,-0.283946,-0.567797
3.433,2.81344,-0.287301,-0.287301,-0.574505
3.4365,2.81534,-0.290651,-0.290651,-0.581207
3.44,2.81725,-0.293998,-0.293998,-0.587901
3.4435,2.81914,-0.297342,-0.297342,-0.594588
3.447,2.82101,-0.300682,-0.300682,-0.601268
3.4505,2.82293,-0.304018,-0.304018,-0.607941
3.454,2.82541,-0.30735,-0.30735,-0.614606
3.4575,2.82809,-0.310679,-0.310679,-0.621263
3.461,2.83089,-0.314004,-0.314004,-0.627913
3.4645,2.83361,-0.317325,-0.317325,-0.634555
3.468,2.83628,-0.320642,-0.320642,-0.64119
3.4715,2.83895,-0.323955,-0.323955,-0.647816
3.475,2.84168,-0.327265,-0.327265,-0.654435
3.4785,2.84436,-0.33057,-0.33057,-0.661045
3.482,2.84704,-0.333871,-0.333871,-0.667648
3.4855,2.84995,-0.337168,-0.337168,-0.674242
3.489,2.85285,-0.340461,-0.340461,-0.680828
3.4925,2.85576,-0.34375,-0.34375,-0.687406
3.496,2.85871,-0.347035,-0.347035,-0.693975
3.4995,2.86163,-0.350315,-0.350315,-0.700536
3.503,2.86453,-0.353591,-0.353591,-0.707088
3.5065,2.86741,-0.356863,-0.356863,-0.713632
3.51,2.87034,-0.36013,-0.36013,-0.720167
3.5135,2.87322,-0.363393,-0.363393,-0.726693
3.517,2.87615,-0.366652,-0.366652,-0.73321
3.5205,2.879,-0.369906,-0.369906,-0.739718
3.524,2.88188,-0.373155,-0.373155,-0.746217
3.5275,2.88478,-0.3764,-0.3764,-0.752707
3.531,2.88771,-0.37964,-0.37964,-0.759188
3.5345,2.89063,-0.382876,-0.382876,-0.765659
3.538,2.89352,-0.386107,-0.386107,-0.772121
3.5415,2.89647,-0.389333,-0.389333,-0.778574
3.545,2.89931,-0.392554,-0.392554,-0.785017
3.5485,2.9022,-0.395771,-0.395771,-0.79145
3.552,2.90512,-0.398983,-0.398983,-0.797874
3.5555,2.90804,-0.40219,-0.40219,-0.804288
3.559,2.91097,-0.405392,-0.405392,-0.810692
3.5625,2.9139,-0.408589,-0.408589,-0.817086
3.566,2.91678,-0.411781,-0.411781,-0.82347
3.5695,2.91968,-0.414968,-0.414968,-0.829844
3.573,2.92261,-0.41815,-0.41815,-0.836208
3.5765,2.92548,-0.421326,-0.421326,-0.842562
3.58,2.92794,-0.424498,-0.424498,-0.848905
3.5835,2.92984,-0.427664,-0.427664,-0.855238
3.587,2.93173,-0.430826,-0.430826,-0.861561
3.5905,2.93365,-0.433981,-0.433981,-0.867873
3.594,2.93554,-0.437132,-0.437132,-0.874174
3.5975,2.93741,-0.440277,-0.440277,-0.880465
3.601,2.93931,-0.443417,-0.443417,-0.886744
3.6045,2.94122,-0.446551,-0.446551,-0.893013
3.608,2.94309,-0.44968,-0.44968,-0.899271
3.6115,2.94497,-0.452804,-0.452804,-0.905518
3.615,2.94695,-0.455922,-0.455922,-0.911754
3.6185,2.94881,-0.459034,-0.459034,-0.917979
3.622,2.95069,-0.46214,-0.46214,-0.924192
3.6255,2.95259,-0.465241,-0.465241,-0.930394
3.629,2.95449,-0.468337,-0.468337,-0.936585
3.6325,2.95636,-0.471426,-0.471426,-0.942764
3.636,2.9583,-0.47451,-0.47451,-0.948932
3.6395,2.96021,-0.477588,-0.477588,-0.955088
3.643,2.96206,-0.48066,-0.48066,-0.961233
3.6465,2.96392,-0.483726,-0.483726,-0.967365
3.65,2.96579,-0.486787,-0.486787,-0.973486
3.6535,2.9677,-0.489841,-0.489841,-0.979595
3.657,2.96958,-0.492889,-0.492889,-0.985692
3.6605,2.97144,-0.495932,-0.495932,-0.991776
3.664,2.97331,-0.498968,-0.498968,-0.997849
3.6675,2.97523,-0.501998,-0.501998,-1.00391
3.671,2.97709,-0.505022,-0.505022,-1.00996
3.6745,2.97897,-0.50804,-0.50804,-1.01599
3.678,2.98083,-0.511051,-0.511051,-1.02202
3.6815,2.98274,-0.514057,-0.514057,-1.02803
3.685,2.9846,-0.517056,-0.517056,-1.03403
3.6885,2.98646,-0.520048,-0.520048,-1.04001
3.692,2.98832,-0.523034,-0.523034,-1.04598
3.6955,2.9902,-0.526014,-0.526014,-1.05194
3.699,2.99208,-0.528988,-0.528988,-1.05789
3.7025,2.99393,-0.531955,-0.531955,-1.06382
3.706,2.99577,-0.534915,-0.534915,-1.06975
3.7095,2.99769,-0.537869,-0.537869,-1.07565
3.713,2.99954,-0.540816,-0.540816,-1.08155
3.7165,3.00141,-0.543757,-0.543757,-1.08743
3.72,3.00329,-0.546691,-0.546691,-1.0933
3.7235,3.0052,-0.549618,-0.549618,-1.09915
3.727,3.00705,-0.552539,-0.552539,-1.10499
3.7305,3.00891,-0.555453,-0.555453,-1.11082
3.734,3.01078,-0.55836,-0.55836,-1.11664
3.7375,3.01261,-0.56126,-0.56126,-1.12244
3.741,3.01445,-0.564153,-0.564153,-1.12822
3.7445,3.01624,-0.56704,-0.56704,-1.134
3.748,3.01805,-0.569919,-0.569919,-1.13976
3.7515,3.01968,-0.572792,-0.572792,-1.1455
3.755,3.02132,-0.575657,-0.575657,-1.15123
3.7585,3.02285,-0.578515,-0.578515,-1.15695
3.762,3.02438,-0.581367,-0.581367,-1.16265
3.7655,3.02594,-0.584211,-0.584211,-1.16834
3.769,3.02746,-0.587048,-0.587048,-1.17401
3.7725,3.02929,-0.589878,-0.589878,-1.17967
3.776,3.03083,-0.5927,-0.5927,-1.18532
3.7795,3.03239,-0.595516,-0.595516,-1.19095
3.783,3.03391,-0.598324,-0.598324,-1.19657
3.7865,3.03542,-0.601124,-0.601124,-1.20217
3.79,3.03684,-0.603918,-0.603918,-1.20776
3.7935,3.03828,-0.606704,-0.606704,-1.21333
3.797,3.0397,-0.609482,-0.609482,-1.21889
3.8005,3.04111,-0.612253,-0.612253,-1.22443
3.804,3.04258,-0.615017,-0.615017,-1.22995
3.8075,3.04402,-0.617773,-0.617773,-1.23547
3.811,3.04551,-0.620521,-0.620521,-1.24096
3.8145,3.04692,-0.623262,-0.623262,-1.24645
3.818,3.04835,-0.625995,-0.625995,-1.25191
3.8215,3.04986,-0.628721,-0.628721,-1.25736
3.825,3.05127,-0.631439,-0.631439,-1.2628
3.8285,3.05274,-0.634149,-0.634149,-1.26822
3.832,3.05454,-0.636851,-0.636851,-1.27363
3.8355,3.05596,-0.639546,-0.639546,-1.27901
3.839,3.05743,-0.642233,-0.642233,-1.28439
3.8425,3.05883,-0.644911,-0.644911,-1.28975
3.846,3.06024,-0.647582,-0.647582,-1.29509
3.8495,3.0617,-0.650245,-0.650245,-1.30041
3.853,3.06312,-0.6529,-0.6529,-1.30573
3.8565,3.06454,-0.655547,-0.655547,-1.31102
3.86,3.06599,-0.658186,-0.658186,-1.3163
3.8635,3.06741,-0.660817,-0.660817,-1.32156
3.867,3.06885,-0.66344,-0.66344,-1.32681
3.8705,3.0703,-0.666055,-0.666055,-1.33204
3.874,3.07171,-0.668662,-0.668662,-1.33725
3.8775,3.07317,-0.67126,-0.67126,-1.34245
3.881,3.0746,-0.67385,-0.67385,-1.34763
3.8845,3.07601,-0.676432,-0.676432,-1.35279
3.888,3.07748,-0.679006,-0.679006,-1.35794
3.8915,3.07891,-0.681571,-0.681571,-1.36307
3.895,3.08034,-0.684128,-0.684128,-1.36818
3.8985,3.0818,-0.686676,-0.686676,-1.37328
3.902,3.0832,-0.689217,-0.689217,-1.37836
3.9055,3.08466,-0.691748,-0.691748,-1.38342
3.909,3.08617,-0.694272,-0.694272,-1.38847
3.9125,3.08758,-0.696786,-0.696786,-1.3935
3.916,3.08903,-0.699293,-0.699293,-1.39851
3.9195,3.09045,-0.70179,-0.70179,-1.40351
3.923,3.09185,-0.704279,-0.704279,-1.40849
3.9265,3.0933,-0.70676,-0.70676,-1.41345
3.93,3.09543,-0.709231,-0.709231,-1.41839
3.9335,3.09762,-0.711694,-0.711694,-1.42332
3.937,3.09932,-0.714149,-0.714149,-1.42823
3.9405,3.10096,-0.716594,-0.716594,-1.43312
3.944,3.10279,-0.719031,-0.719031,-1.43799
3.9475,3.1043,-0.721459,-0.721459,-1.44285
3.951,3.10583,-0.723878,-0.723878,-1.44769
3.9545,3.10732,-0.726289,-0.726289,-1.45251
3.958,3.10877,-0.72869,-0.72869,-1.45731
3.9615,3.10948,-0.731083,-0.731083,-1.4621
3.965,3.1102,-0.733466,-0.733466,-1.46686
3.9685,3.1109,-0.735841,-0.735841,-1.47161
3.972,3.11158,-0.738206,-0.738206,-1.47634
3.9755,3.11231,-0.740563,-0.740563,-1.48106
3.979,3.11302,-0.74291,-0.74291,-1.48575
3.9825,3.1137,-0.745248,-0.745248,-1.49043
3.986,3.11439,-0.747578,-0.747578,-1.49509
3.9895,3.11507,-0.749898,-0.749898,-1.49973
3.993,3.11577,-0.752208,-0.752208,-1.50435
3.9965,3.11658,-0.75451,-0.75451,-1.50895
4,3.11735,-0.756802,-0.756802,-1.51354
