"time","wallTime","wc2.out","wc1.out"
0,1.84e-05,0,0
0,2.24e-05,0,0
0,2.57e-05,0,0
0,2.87e-05,0,0
0,3.16e-05,0,0
0,3.44e-05,0,0
0,3.72e-05,0,0
0,3.99e-05,0,0
0,4.27e-05,0,0
0,4.56e-05,0,0
0.005,0.943847,0,0
0.005,0.943858,0,0
0.005,0.943868,0,0
0.005,0.943899,0,0
0.005,0.943954,0,0
0.005,0.944032,0,5.16111e-16
0.006,0.944037,0,0.0850051
0.007,0.944044,0,0.17001
0.008,0.944049,0,0.255015
0.009,0.944055,0,0.34002
0.01,0.944066,0,0.425025
0.011,0.944071,0,0.493434
0.012,0.944076,0,0.561844
0.013,0.94408,0,0.630253
0.014,0.944086,0,0.698662
0.015,0.944113,0,0.767071
0.016,0.944119,0,0.807629
0.017,0.944125,0,0.848188
0.018,0.94413,0,0.888747
0.019,0.944136,0,0.929305
0.02,0.944154,0,0.969864
0.021,0.944161,0,0.980024
0.022,0.944167,0,0.990184
0.023,0.944172,0,1.00034
0.024,0.944178,0,1.0105
0.025,0.944196,3.53905e-15,1.02066
0.026,0.9442,0.17001,1.00674
0.027,0.944203,0.34002,0.992821
0.028,0.944207,0.510031,0.978899
0.029,0.944211,0.680041,0.964978
0.03,0.944228,0.850051,0.951057
0.031,0.944232,0.986869,0.925183
0.032,0.944236,1.12369,0.89931
0.033,0.94424,1.26051,0.873437
0.034,0.944243,1.39732,0.847564
0.035,0.944267,1.53414,0.821691
0.036,0.944271,1.61526,0.796747
0.037,0.944274,1.69638,0.771803
0.038,0.944278,1.77749,0.746859
0.039,0.944282,1.85861,0.721914
0.04,0.944299,1.93973,0.69697
0.041,0.944302,1.96005,0.681478
0.042,0.944306,1.98037,0.665986
0.043,0.94431,2.00069,0.650494
0.044,0.944314,2.02101,0.635002
0.045,0.944422,2.04133,0.61951
0.046,0.944427,2.01348,0.614444
0.047,0.94443,1.98564,0.609377
0.048,0.944434,1.9578,0.604311
0.049,0.944438,1.92996,0.599244
0.05,0.944828,1.90211,0.594178
0.051,0.944833,1.85037,0.592899
0.052,0.944836,1.79862,0.591621
0.053,0.94484,1.74687,0.590342
0.054,0.944843,1.69513,0.589064
0.055,0.945217,1.64338,0.587785
0.056,0.945221,1.59349,0.57912
0.057,0.945225,1.54361,0.570455
0.058,0.945228,1.49372,0.56179
0.059,0.945232,1.44383,0.553125
0.06,0.945584,1.39394,0.54446
0.061,0.945591,1.36296,0.517698
0.062,0.945595,1.33197,0.490936
0.063,0.945598,1.30099,0.464174
0.064,0.945601,1.27,0.437412
0.065,0.945823,1.23902,0.41065
0.066,0.945827,1.22889,0.360517
0.067,0.945831,1.21875,0.310384
0.068,0.945835,1.20862,0.26025
0.069,0.945838,1.19849,0.210117
0.07,0.946211,1.18836,0.159984
0.071,0.946216,1.1858,0.0896292
0.072,0.94622,1.18324,0.0192746
0.073,0.946223,1.18068,-0.0510799
0.074,0.946227,1.17813,-0.121434
0.075,0.946636,1.17557,-0.191789
0.076,0.946641,1.15824,-0.270988
0.077,0.946644,1.14091,-0.350187
0.078,0.946648,1.12358,-0.429387
0.079,0.946651,1.10625,-0.508586
0.08,0.947057,1.08892,-0.587785
0.081,0.947062,1.0354,-0.659598
0.082,0.947065,0.981872,-0.731411
0.083,0.947069,0.928348,-0.803223
0.084,0.947072,0.874824,-0.875036
0.085,0.947357,0.8213,-0.946849
0.086,0.947361,0.721034,-0.995508
0.087,0.947365,0.620767,-1.04417
0.088,0.947369,0.520501,-1.09283
0.089,0.947373,0.420234,-1.14148
0.09,0.947759,0.319967,-1.19014
0.091,0.947763,0.179258,-1.20564
0.092,0.947767,0.0385493,-1.22113
0.093,0.947771,-0.10216,-1.23662
0.094,0.947774,-0.242869,-1.25211
0.095,0.948121,-0.383578,-1.2676
0.096,0.948125,-0.541976,-1.24896
0.097,0.948129,-0.700375,-1.23031
0.098,0.948132,-0.858773,-1.21166
0.099,0.948136,-1.01717,-1.19301
0.1,0.948463,-1.17557,-1.17436
0.101,0.948467,-1.3192,-1.1297
0.102,0.948471,-1.46282,-1.08504
0.103,0.948474,-1.60645,-1.04038
0.104,0.948478,-1.75007,-0.995718
0.105,0.948807,-1.8937,-0.951057
0.106,0.948812,-1.99102,-0.894444
0.107,0.948815,-2.08833,-0.837831
0.108,0.948819,-2.18565,-0.781218
0.109,0.948822,-2.28297,-0.724605
0.11,0.949173,-2.38029,-0.667992
0.111,0.949178,-2.41127,-0.61424
0.112,0.949181,-2.44226,-0.560487
0.113,0.949185,-2.47324,-0.506735
0.114,0.949188,-2.50422,-0.452983
0.115,0.949642,-2.53521,-0.39923
0.116,0.949648,-2.49791,-0.358671
0.117,0.949652,-2.46061,-0.318113
0.118,0.949657,-2.42332,-0.277554
0.119,0.949661,-2.38602,-0.236995
0.12,0.949887,-2.34872,-0.196437
0.121,0.949892,-2.2594,-0.17162
0.122,0.949897,-2.17008,-0.146804
0.123,0.949902,-2.08076,-0.121987
0.124,0.949907,-1.99144,-0.0971708
0.125,0.950195,-1.90211,-0.0723543
0.126,0.9502,-1.78889,-0.0578834
0.127,0.950206,-1.67566,-0.0434126
0.128,0.95021,-1.56244,-0.0289417
0.129,0.950215,-1.44921,-0.0144709
0.13,0.95048,-1.33598,1.4526e-15
0.131,0.950484,-1.22848,0.0144709
0.132,0.950489,-1.12097,0.0289417
0.133,0.950494,-1.01347,0.0434126
0.134,0.950502,-0.905965,0.0578834
0.135,0.950741,-0.79846,0.0723543
0.136,0.950745,-0.717343,0.0971708
0.137,0.95075,-0.636226,0.121987
0.138,0.950758,-0.555108,0.146804
0.139,0.950766,-0.473991,0.17162
0.14,0.950985,-0.392873,0.196437
0.141,0.95099,-0.34324,0.236995
0.142,0.950996,-0.293608,0.277554
0.143,0.951003,-0.243975,0.318113
0.144,0.951009,-0.194342,0.358671
0.145,0.95128,-0.144709,0.39923
0.146,0.951286,-0.115767,0.452983
0.147,0.95129,-0.0868252,0.506735
0.148,0.951296,-0.0578834,0.560487
0.149,0.9513,-0.0289417,0.61424
0.15,0.951642,2.90521e-15,0.667992
0.151,0.951647,0.0289417,0.724605
0.152,0.951654,0.0578834,0.781218
0.153,0.951659,0.0868252,0.837831
0.154,0.951665,0.115767,0.894444
0.155,0.951921,0.144709,0.951057
0.156,0.951927,0.194342,0.995718
0.157,0.951932,0.243975,1.04038
0.158,0.95194,0.293608,1.08504
0.159,0.951944,0.34324,1.1297
0.16,0.952301,0.392873,1.17436
0.161,0.952306,0.473991,1.19301
0.162,0.952312,0.555108,1.21166
0.163,0.952317,0.636226,1.23031
0.164,0.952325,0.717343,1.24896
0.165,0.952547,0.79846,1.2676
0.166,0.952553,0.905965,1.25211
0.167,0.952559,1.01347,1.23662
0.168,0.952565,1.12097,1.22113
0.169,0.952572,1.22848,1.20564
0.17,0.952852,1.33598,1.19014
0.171,0.952858,1.44921,1.14148
0.172,0.952863,1.56244,1.09283
0.173,0.952871,1.67566,1.04417
0.174,0.952876,1.78889,0.995508
0.175,0.953102,1.90211,0.946849
0.176,0.953107,1.99144,0.875036
0.177,0.953113,2.08076,0.803223
0.178,0.953118,2.17008,0.731411
0.179,0.953124,2.2594,0.659598
0.18,0.953344,2.34872,0.587785
0.181,0.95335,2.38602,0.508586
0.182,0.953357,2.42332,0.429387
0.183,0.953362,2.46061,0.350187
0.184,0.953369,2.49791,0.270988
0.185,0.953643,2.53521,0.191789
0.186,0.953649,2.50422,0.121434
0.187,0.953656,2.47324,0.0510799
0.188,0.953664,2.44226,-0.0192746
0.189,0.953671,2.41127,-0.0896292
0.19,0.953937,2.38029,-0.159984
0.191,0.953943,2.28297,-0.210117
0.192,0.95395,2.18565,-0.26025
0.193,0.953957,2.08833,-0.310384
0.194,0.953961,1.99102,-0.360517
0.195,0.954181,1.8937,-0.41065
0.196,0.954187,1.75007,-0.437412
0.197,0.954191,1.60645,-0.464174
0.198,0.954196,1.46282,-0.490936
0.199,0.954201,1.3192,-0.517698
0.2,0.954563,1.17557,-0.54446
0.201,0.954572,1.01717,-0.553125
0.202,0.954578,0.858773,-0.56179
0.203,0.954585,0.700375,-0.570455
0.204,0.95459,0.541976,-0.57912
0.205,0.954821,0.383578,-0.587785
0.206,0.954827,0.242869,-0.589064
0.207,0.954831,0.10216,-0.590342
0.208,0.954836,-0.0385493,-0.591621
0.209,0.954841,-0.179258,-0.592899
0.21,0.95516,-0.319967,-0.594178
0.211,0.955169,-0.420234,-0.599244
0.212,0.955177,-0.520501,-0.604311
0.213,0.955186,-0.620767,-0.609377
0.214,0.955191,-0.721034,-0.614444
0.215,0.955413,-0.8213,-0.61951
0.216,0.95542,-0.874824,-0.635002
0.217,0.955428,-0.928348,-0.650494
0.218,0.955435,-0.981872,-0.665986
0.219,0.95544,-1.0354,-0.681478
0.22,0.955678,-1.08892,-0.69697
0.221,0.955684,-1.10625,-0.721914
0.222,0.955689,-1.12358,-0.746859
0.223,0.955694,-1.14091,-0.771803
0.224,0.955698,-1.15824,-0.796747
0.225,0.956148,-1.17557,-0.821691
0.226,0.956157,-1.17813,-0.847564
0.227,0.956165,-1.18068,-0.873437
0.228,0.956171,-1.18324,-0.89931
0.229,0.956176,-1.1858,-0.925183
0.23,0.956189,-1.18836,-0.951057
0.231,0.956198,-1.19849,-0.964978
0.232,0.956206,-1.20862,-0.978899
0.233,0.956211,-1.21875,-0.992821
0.234,0.956216,-1.22889,-1.00674
0.235,0.956335,-1.23902,-1.02066
0.236,0.956341,-1.27,-1.0105
0.237,0.956346,-1.30099,-1.00034
0.238,0.95635,-1.33197,-0.990184
0.239,0.956355,-1.36296,-0.980024
0.24,0.956664,-1.39394,-0.969864
0.241,0.956671,-1.44383,-0.929305
0.242,0.956677,-1.49372,-0.888747
0.243,0.956684,-1.54361,-0.848188
0.244,0.95669,-1.59349,-0.807629
0.245,0.956891,-1.64338,-0.767071
0.246,0.956898,-1.69513,-0.698662
0.247,0.956906,-1.74687,-0.630253
0.248,0.956914,-1.79862,-0.561844
0.249,0.956922,-1.85037,-0.493434
0.25,0.957209,-1.90211,-0.425025
0.251,0.957215,-1.92996,-0.34002
0.252,0.95722,-1.9578,-0.255015
0.253,0.957225,-1.98564,-0.17001
0.254,0.957229,-2.01348,-0.0850051
0.255,0.957475,-2.04133,1.2388e-14
0.256,0.957484,-2.02101,0.0850051
0.257,0.95749,-2.00069,0.17001
0.258,0.957498,-1.98037,0.255015
0.259,0.957504,-1.96005,0.34002
0.26,0.957733,-1.93973,0.425025
0.261,0.957739,-1.85861,0.493434
0.262,0.957745,-1.77749,0.561844
0.263,0.957751,-1.69638,0.630253
0.264,0.957757,-1.61526,0.698662
0.265,0.958007,-1.53414,0.767071
0.266,0.958013,-1.39732,0.807629
0.267,0.958021,-1.26051,0.848188
0.268,0.958028,-1.12369,0.888747
0.269,0.958034,-0.986869,0.929305
0.27,0.958288,-0.850051,0.969864
0.271,0.958294,-0.680041,0.980024
0.272,0.9583,-0.510031,0.990184
0.273,0.958307,-0.34002,1.00034
0.274,0.958315,-0.17001,1.0105
0.275,0.958556,2.4776e-14,1.02066
0.276,0.958561,0.17001,1.00674
0.277,0.958566,0.34002,0.992821
0.278,0.958571,0.510031,0.978899
0.279,0.958576,0.680041,0.964978
0.28,0.958851,0.850051,0.951057
0.281,0.958857,0.986869,0.925183
0.282,0.958865,1.12369,0.89931
0.283,0.958871,1.26051,0.873437
0.284,0.958877,1.39732,0.847564
0.285,0.959172,1.53414,0.821691
0.286,0.959177,1.61526,0.796747
0.287,0.959185,1.69638,0.771803
0.288,0.959191,1.77749,0.746859
0.289,0.959199,1.85861,0.721914
0.29,0.959446,1.93973,0.69697
0.291,0.959451,1.96005,0.681478
0.292,0.959459,1.98037,0.665986
0.293,0.959466,2.00069,0.650494
0.294,0.959477,2.02101,0.635002
0.295,0.959749,2.04133,0.61951
0.296,0.959754,2.01348,0.614444
0.297,0.959761,1.98564,0.609377
0.298,0.959767,1.9578,0.604311
0.299,0.959777,1.92996,0.599244
0.3,0.960046,1.90211,0.594178
0.301,0.960051,1.85037,0.592899
0.302,0.960056,1.79862,0.591621
0.303,0.960062,1.74687,0.590342
0.304,0.960067,1.69513,0.589064
0.305,0.960479,1.64338,0.587785
0.306,0.960485,1.59349,0.57912
0.307,0.96049,1.54361,0.570455
0.308,0.960496,1.49372,0.56179
0.309,0.960501,1.44383,0.553125
0.31,0.960809,1.39394,0.54446
0.311,0.960817,1.36296,0.517698
0.312,0.960823,1.33197,0.490936
0.313,0.960829,1.30099,0.464174
0.314,0.960838,1.27,0.437412
0.315,0.961111,1.23902,0.41065
0.316,0.961116,1.22889,0.360517
0.317,0.961121,1.21875,0.310384
0.318,0.961125,1.20862,0.26025
0.319,0.96113,1.19849,0.210117
0.32,0.961509,1.18836,0.159984
0.321,0.961515,1.1858,0.0896292
0.322,0.96152,1.18324,0.0192746
0.323,0.961525,1.18068,-0.0510799
0.324,0.96153,1.17813,-0.121434
0.325,0.961836,1.17557,-0.191789
0.326,0.961846,1.15824,-0.270988
0.327,0.961853,1.14091,-0.350187
0.328,0.961858,1.12358,-0.429387
0.329,0.961863,1.10625,-0.508586
0.33,0.961961,1.08892,-0.587785
0.331,0.961966,1.0354,-0.659598
0.332,0.962012,0.981872,-0.731411
0.333,0.962018,0.928348,-0.803223
0.334,0.962024,0.874824,-0.875036
0.335,0.962043,0.8213,-0.946849
0.336,0.96205,0.721034,-0.995508
0.337,0.962055,0.620767,-1.04417
0.338,0.962064,0.520501,-1.09283
0.339,0.96207,0.420234,-1.14148
0.34,0.962097,0.319967,-1.19014
0.341,0.962103,0.179258,-1.20564
0.342,0.962109,0.0385493,-1.22113
0.343,0.962114,-0.10216,-1.23662
0.344,0.96212,-0.242869,-1.25211
0.345,0.962136,-0.383578,-1.2676
0.346,0.962142,-0.541976,-1.24896
0.347,0.962148,-0.700375,-1.23031
0.348,0.962154,-0.858773,-1.21166
0.349,0.962159,-1.01717,-1.19301
0.35,0.962184,-1.17557,-1.17436
0.351,0.962189,-1.3192,-1.1297
0.352,0.962194,-1.46282,-1.08504
0.353,0.962199,-1.60645,-1.04038
0.354,0.962203,-1.75007,-0.995718
0.355,0.962536,-1.8937,-0.951057
0.356,0.962543,-1.99102,-0.894444
0.357,0.96255,-2.08833,-0.837831
0.358,0.962557,-2.18565,-0.781218
0.359,0.962562,-2.28297,-0.724605
0.36,0.96259,-2.38029,-0.667992
0.361,0.962596,-2.41127,-0.61424
0.362,0.962602,-2.44226,-0.560487
0.363,0.962612,-2.47324,-0.506735
0.364,0.962618,-2.50422,-0.452983
0.365,0.962638,-2.53521,-0.39923
0.366,0.962643,-2.49791,-0.358671
0.367,0.962649,-2.46061,-0.318113
0.368,0.962655,-2.42332,-0.277554
0.369,0.96266,-2.38602,-0.236995
0.37,0.96273,-2.34872,-0.196437
0.371,0.962742,-2.2594,-0.17162
0.372,0.962749,-2.17008,-0.146804
0.373,0.962777,-2.08076,-0.121987
0.374,0.962799,-1.99144,-0.0971708
0.375,0.962824,-1.90211,-0.0723543
0.376,0.96283,-1.78889,-0.0578834
0.377,0.962846,-1.67566,-0.0434126
0.378,0.962871,-1.56244,-0.0289417
0.379,0.962877,-1.44921,-0.0144709
0.38,0.962896,-1.33598,3.81704e-15
0.381,0.962904,-1.22848,0.0144709
0.382,0.962909,-1.12097,0.0289417
0.383,0.962916,-1.01347,0.0434126
0.384,0.962925,-0.905965,0.0578834
0.385,0.962948,-0.79846,0.0723543
0.386,0.962953,-0.717343,0.0971708
0.387,0.962959,-0.636226,0.121987
0.388,0.962963,-0.555108,0.146804
0.389,0.962967,-0.473991,0.17162
0.39,0.96299,-0.392873,0.196437
0.391,0.962996,-0.34324,0.236995
0.392,0.963003,-0.293608,0.277554
0.393,0.96301,-0.243975,0.318113
0.394,0.963015,-0.194342,0.358671
0.395,0.963031,-0.144709,0.39923
0.396,0.963036,-0.115767,0.452983
0.397,0.963039,-0.0868252,0.506735
0.398,0.963044,-0.0578834,0.560487
0.399,0.96305,-0.0289417,0.61424
0.4,0.963071,7.63408e-15,0.667992
0.401,0.963079,0.0289417,0.724605
0.402,0.963084,0.0578834,0.781218
0.403,0.96309,0.0868252,0.837831
0.404,0.963102,0.115767,0.894444
0.405,0.963512,0.144709,0.951057
0.406,0.963518,0.194342,0.995718
0.407,0.963522,0.243975,1.04038
0.408,0.963527,0.293608,1.08504
0.409,0.963531,0.34324,1.1297
0.41,0.963873,0.392873,1.17436
0.411,0.96388,0.473991,1.19301
0.412,0.963901,0.555108,1.21166
0.413,0.96391,0.636226,1.23031
0.414,0.963917,0.717343,1.24896
0.415,0.963942,0.79846,1.2676
0.416,0.963947,0.905965,1.25211
0.417,0.963954,1.01347,1.23662
0.418,0.96396,1.12097,1.22113
0.419,0.963965,1.22848,1.20564
0.42,0.96421,1.33598,1.19014
0.421,0.964217,1.44921,1.14148
0.422,0.964224,1.56244,1.09283
0.423,0.96423,1.67566,1.04417
0.424,0.964236,1.78889,0.995508
0.425,0.964258,1.90211,0.946849
0.426,0.964264,1.99144,0.875036
0.427,0.964269,2.08076,0.803223
0.428,0.964275,2.17008,0.731411
0.429,0.964282,2.2594,0.659598
0.43,0.964319,2.34872,0.587785
0.431,0.964379,2.38602,0.508586
0.432,0.964495,2.42332,0.429387
0.433,0.964502,2.46061,0.350187
0.434,0.964511,2.49791,0.270988
0.435,0.964532,2.53521,0.191789
0.436,0.964538,2.50422,0.121434
0.437,0.964544,2.47324,0.0510799
0.438,0.96455,2.44226,-0.0192746
0.439,0.964555,2.41127,-0.0896292
0.44,0.964627,2.38029,-0.159984
0.441,0.964633,2.28297,-0.210117
0.442,0.964641,2.18565,-0.26025
0.443,0.964647,2.08833,-0.310384
0.444,0.96468,1.99102,-0.360517
0.445,0.9647,1.8937,-0.41065
0.446,0.964705,1.75007,-0.437412
0.447,0.96471,1.60645,-0.464174
0.448,0.964715,1.46282,-0.490936
0.449,0.96472,1.3192,-0.517698
0.45,0.964738,1.17557,-0.54446
0.451,0.964743,1.01717,-0.553125
0.452,0.964747,0.858773,-0.56179
0.453,0.964752,0.700375,-0.570455
0.454,0.964757,0.541976,-0.57912
0.455,0.964775,0.383578,-0.587785
0.456,0.96478,0.242869,-0.589064
0.457,0.964785,0.10216,-0.590342
0.458,0.96479,-0.0385493,-0.591621
0.459,0.964794,-0.179258,-0.592899
0.46,0.964806,-0.319967,-0.594178
0.461,0.964811,-0.420234,-0.599244
0.462,0.964815,-0.520501,-0.604311
0.463,0.96482,-0.620767,-0.609377
0.464,0.964826,-0.721034,-0.614444
0.465,0.964851,-0.8213,-0.61951
0.466,0.964856,-0.874824,-0.635002
0.467,0.96486,-0.928348,-0.650494
0.468,0.964865,-0.981872,-0.665986
0.469,0.96487,-1.0354,-0.681478
0.47,0.964888,-1.08892,-0.69697
0.471,0.964893,-1.10625,-0.721914
0.472,0.964898,-1.12358,-0.746859
0.473,0.964903,-1.14091,-0.771803
0.474,0.964908,-1.15824,-0.796747
0.475,0.965176,-1.17557,-0.821691
0.476,0.965183,-1.17813,-0.847564
0.477,0.965189,-1.18068,-0.873437
0.478,0.965196,-1.18324,-0.89931
0.479,0.965202,-1.1858,-0.925183
0.48,0.965224,-1.18836,-0.951057
0.481,0.965231,-1.19849,-0.964978
0.482,0.965237,-1.20862,-0.978899
0.483,0.965245,-1.21875,-0.992821
0.484,0.965274,-1.22889,-1.00674
0.485,0.965295,-1.23902,-1.02066
0.486,0.965302,-1.27,-1.0105
0.487,0.965308,-1.30099,-1.00034
0.488,0.965338,-1.33197,-0.990184
0.489,0.965344,-1.36296,-0.980024
0.49,0.96535,-1.39394,-0.969864
0.491,0.965401,-1.44383,-0.929305
0.492,0.965406,-1.49372,-0.888747
0.493,0.965412,-1.54361,-0.848188
0.494,0.965418,-1.59349,-0.807629
0.495,0.965424,-1.64338,-0.767071
0.496,0.965549,-1.69513,-0.698662
0.497,0.965557,-1.74687,-0.630253
0.498,0.965562,-1.79862,-0.561844
0.499,0.965569,-1.85037,-0.493434
0.5,0.965574,-1.90211,-0.425025
0.501,0.965589,-1.92996,-0.34002
0.502,0.965592,-1.9578,-0.255015
0.503,0.965599,-1.98564,-0.17001
0.504,0.965604,-2.01348,-0.0850051
0.505,0.965609,-2.04133,2.88388e-14
0.506,0.965635,-2.02101,0.0850051
0.507,0.965643,-2.00069,0.17001
0.508,0.96565,-1.98037,0.255015
0.509,0.965657,-1.96005,0.34002
0.51,0.965661,-1.93973,0.425025
0.511,0.965676,-1.85861,0.493434
0.512,0.965684,-1.77749,0.561844
0.513,0.965689,-1.69638,0.630253
0.514,0.965694,-1.61526,0.698662
0.515,0.965699,-1.53414,0.767071
0.516,0.965721,-1.39732,0.807629
0.517,0.965729,-1.26051,0.848188
0.518,0.965733,-1.12369,0.888747
0.519,0.965737,-0.986869,0.929305
0.52,0.965743,-0.850051,0.969864
0.521,0.965767,-0.680041,0.980024
0.522,0.965772,-0.510031,0.990184
0.523,0.965777,-0.34002,1.00034
0.524,0.965782,-0.17001,1.0105
0.525,0.965788,5.76777e-14,1.02066
0.526,0.965803,0.17001,1.00674
0.527,0.965807,0.34002,0.992821
0.528,0.965813,0.510031,0.978899
0.529,0.965819,0.680041,0.964978
0.53,0.965824,0.850051,0.951057
0.531,0.965855,0.986869,0.925183
0.532,0.96586,1.12369,0.89931
0.533,0.965865,1.26051,0.873437
0.534,0.96587,1.39732,0.847564
0.535,0.965873,1.53414,0.821691
0.536,0.965997,1.61526,0.796747
0.537,0.966003,1.69638,0.771803
0.538,0.966013,1.77749,0.746859
0.539,0.966018,1.85861,0.721914
0.54,0.966026,1.93973,0.69697
0.541,0.966103,1.96005,0.681478
0.542,0.966109,1.98037,0.665986
0.543,0.966114,2.00069,0.650494
0.544,0.96612,2.02101,0.635002
0.545,0.966125,2.04133,0.61951
0.546,0.966145,2.01348,0.614444
0.547,0.96615,1.98564,0.609377
0.548,0.966155,1.9578,0.604311
0.549,0.96616,1.92996,0.599244
0.55,0.966164,1.90211,0.594178
0.551,0.966176,1.85037,0.592899
0.552,0.96618,1.79862,0.591621
0.553,0.966186,1.74687,0.590342
0.554,0.966191,1.69513,0.589064
0.555,0.966195,1.64338,0.587785
0.556,0.96622,1.59349,0.57912
0.557,0.966225,1.54361,0.570455
0.558,0.96623,1.49372,0.56179
0.559,0.966235,1.44383,0.553125
0.56,0.966239,1.39394,0.54446
0.561,0.966565,1.36296,0.517698
0.562,0.966571,1.33197,0.490936
0.563,0.966576,1.30099,0.464174
0.564,0.96658,1.27,0.437412
0.565,0.966584,1.23902,0.41065
0.566,0.966702,1.22889,0.360517
0.567,0.966708,1.21875,0.310384
0.568,0.966714,1.20862,0.26025
0.569,0.96672,1.19849,0.210117
0.57,0.966726,1.18836,0.159984
0.571,0.966745,1.1858,0.0896292
0.572,0.96675,1.18324,0.0192746
0.573,0.966755,1.18068,-0.0510799
0.574,0.966778,1.17813,-0.121434
0.575,0.966783,1.17557,-0.191789
0.576,0.966799,1.15824,-0.270988
0.577,0.966805,1.14091,-0.350187
0.578,0.966812,1.12358,-0.429387
0.579,0.966816,1.10625,-0.508586
0.58,0.966821,1.08892,-0.587785
0.581,0.96684,1.0354,-0.659598
0.582,0.966845,0.981872,-0.731411
0.583,0.96685,0.928348,-0.803223
0.584,0.966854,0.874824,-0.875036
0.585,0.966858,0.8213,-0.946849
0.586,0.966876,0.721034,-0.995508
0.587,0.966881,0.620767,-1.04417
0.588,0.966886,0.520501,-1.09283
0.589,0.96689,0.420234,-1.14148
0.59,0.966894,0.319967,-1.19014
0.591,0.966925,0.179258,-1.20564
0.592,0.96693,0.0385493,-1.22113
0.593,0.966934,-0.10216,-1.23662
0.594,0.966939,-0.242869,-1.25211
0.595,0.966943,-0.383578,-1.2676
0.596,0.967298,-0.541976,-1.24896
0.597,0.967365,-0.700375,-1.23031
0.598,0.967372,-0.858773,-1.21166
0.599,0.967377,-1.01717,-1.19301
0.6,0.967381,-1.17557,-1.17436
0.601,0.967401,-1.3192,-1.1297
0.602,0.967406,-1.46282,-1.08504
0.603,0.96741,-1.60645,-1.04038
0.604,0.967415,-1.75007,-0.995718
0.605,0.96742,-1.8937,-0.951057
0.606,0.967792,-1.99102,-0.894444
0.607,0.967799,-2.08833,-0.837831
0.608,0.967885,-2.18565,-0.781218
0.609,0.967891,-2.28297,-0.724605
0.61,0.967895,-2.38029,-0.667992
0.611,0.967915,-2.41127,-0.61424
0.612,0.96792,-2.44226,-0.560487
0.613,0.967925,-2.47324,-0.506735
0.614,0.96793,-2.50422,-0.452983
0.615,0.967934,-2.53521,-0.39923
0.616,0.968186,-2.49791,-0.358671
0.617,0.968192,-2.46061,-0.318113
0.618,0.968198,-2.42332,-0.277554
0.619,0.968204,-2.38602,-0.236995
0.62,0.96821,-2.34872,-0.196437
0.621,0.968223,-2.2594,-0.17162
0.622,0.968228,-2.17008,-0.146804
0.623,0.968233,-2.08076,-0.121987
0.624,0.968237,-1.99144,-0.0971708
0.625,0.968241,-1.90211,-0.0723543
0.626,0.96826,-1.78889,-0.0578834
0.627,0.968264,-1.67566,-0.0434126
0.628,0.968269,-1.56244,-0.0289417
0.629,0.968274,-1.44921,-0.0144709
0.63,0.968278,-1.33598,2.89128e-15
0.631,0.968526,-1.22848,0.0144709
0.632,0.968532,-1.12097,0.0289417
0.633,0.968538,-1.01347,0.0434126
0.634,0.968543,-0.905965,0.0578834
0.635,0.968547,-0.79846,0.0723543
0.636,0.968567,-0.717343,0.0971708
0.637,0.968572,-0.636226,0.121987
0.638,0.968576,-0.555108,0.146804
0.639,0.968581,-0.473991,0.17162
0.64,0.968585,-0.392873,0.196437
0.641,0.968969,-0.34324,0.236995
0.642,0.968975,-0.293608,0.277554
0.643,0.96898,-0.243975,0.318113
0.644,0.968989,-0.194342,0.358671
0.645,0.968995,-0.144709,0.39923
0.646,0.969045,-0.115767,0.452983
0.647,0.96907,-0.0868252,0.506735
0.648,0.969076,-0.0578834,0.560487
0.649,0.969082,-0.0289417,0.61424
0.65,0.969086,5.78256e-15,0.667992
0.651,0.969108,0.0289417,0.724605
0.652,0.969114,0.0578834,0.781218
0.653,0.969123,0.0868252,0.837831
0.654,0.969129,0.115767,0.894444
0.655,0.969135,0.144709,0.951057
0.656,0.969154,0.194342,0.995718
0.657,0.969159,0.243975,1.04038
0.658,0.969163,0.293608,1.08504
0.659,0.969168,0.34324,1.1297
0.66,0.969172,0.392873,1.17436
0.661,0.969189,0.473991,1.19301
0.662,0.969194,0.555108,1.21166
0.663,0.969198,0.636226,1.23031
0.664,0.969203,0.717343,1.24896
0.665,0.969207,0.79846,1.2676
0.666,0.969224,0.905965,1.25211
0.667,0.969229,1.01347,1.23662
0.668,0.969233,1.12097,1.22113
0.669,0.969238,1.22848,1.20564
0.67,0.969242,1.33598,1.19014
0.671,0.969418,1.44921,1.14148
0.672,0.969448,1.56244,1.09283
0.673,0.969454,1.67566,1.04417
0.674,0.969485,1.78889,0.995508
0.675,0.969491,1.90211,0.946849
0.676,0.969599,1.99144,0.875036
0.677,0.969605,2.08076,0.803223
0.678,0.969611,2.17008,0.731411
0.679,0.969618,2.2594,0.659598
0.68,0.969623,2.34872,0.587785
0.681,0.969645,2.38602,0.508586
0.682,0.969651,2.42332,0.429387
0.683,0.969657,2.46061,0.350187
0.684,0.969664,2.49791,0.270988
0.685,0.96967,2.53521,0.191789
0.686,0.969709,2.50422,0.121434
0.687,0.969741,2.47324,0.0510799
0.688,0.969747,2.44226,-0.0192746
0.689,0.969754,2.41127,-0.0896292
0.69,0.969758,2.38029,-0.159984
0.691,0.969777,2.28297,-0.210117
0.692,0.969782,2.18565,-0.26025
0.693,0.969786,2.08833,-0.310384
0.694,0.969791,1.99102,-0.360517
0.695,0.969796,1.8937,-0.41065
0.696,0.969814,1.75007,-0.437412
0.697,0.969819,1.60645,-0.464174
0.698,0.969824,1.46282,-0.490936
0.699,0.969829,1.3192,-0.517698
0.7,0.969833,1.17557,-0.54446
0.701,0.969852,1.01717,-0.553125
0.702,0.969857,0.858773,-0.56179
0.703,0.969861,0.700375,-0.570455
0.704,0.969866,0.541976,-0.57912
0.705,0.96987,0.383578,-0.587785
0.706,0.969889,0.242869,-0.589064
0.707,0.969893,0.10216,-0.590342
0.708,0.969898,-0.0385493,-0.591621
0.709,0.969903,-0.179258,-0.592899
0.71,0.969907,-0.319967,-0.594178
0.711,0.969925,-0.420234,-0.599244
0.712,0.96993,-0.520501,-0.604311
0.713,0.969935,-0.620767,-0.609377
0.714,0.96994,-0.721034,-0.614444
0.715,0.969944,-0.8213,-0.61951
0.716,0.970084,-0.874824,-0.635002
0.717,0.970091,-0.928348,-0.650494
0.718,0.970112,-0.981872,-0.665986
0.719,0.970118,-1.0354,-0.681478
0.72,0.970123,-1.08892,-0.69697
0.721,0.970142,-1.10625,-0.721914
0.722,0.970147,-1.12358,-0.746859
0.723,0.970151,-1.14091,-0.771803
0.724,0.970156,-1.15824,-0.796747
0.725,0.97016,-1.17557,-0.821691
0.726,0.970244,-1.17813,-0.847564
0.727,0.970267,-1.18068,-0.873437
0.728,0.970272,-1.18324,-0.89931
0.729,0.970277,-1.1858,-0.925183
0.73,0.970281,-1.18836,-0.951057
0.731,0.970364,-1.19849,-0.964978
0.732,0.97037,-1.20862,-0.978899
0.733,0.970375,-1.21875,-0.992821
0.734,0.970381,-1.22889,-1.00674
0.735,0.970385,-1.23902,-1.02066
0.736,0.970584,-1.27,-1.0105
0.737,0.970592,-1.30099,-1.00034
0.738,0.970598,-1.33197,-0.990184
0.739,0.970603,-1.36296,-0.980024
0.74,0.970606,-1.39394,-0.969864
0.741,0.970751,-1.44383,-0.929305
0.742,0.970758,-1.49372,-0.888747
0.743,0.970764,-1.54361,-0.848188
0.744,0.970769,-1.59349,-0.807629
0.745,0.970775,-1.64338,-0.767071
0.746,0.970798,-1.69513,-0.698662
0.747,0.970804,-1.74687,-0.630253
0.748,0.970812,-1.79862,-0.561844
0.749,0.970818,-1.85037,-0.493434
0.75,0.970823,-1.90211,-0.425025
0.751,0.970982,-1.92996,-0.34002
0.752,0.970988,-1.9578,-0.255015
0.753,0.970994,-1.98564,-0.17001
0.754,0.970999,-2.01348,-0.0850051
0.755,0.971004,-2.04133,4.50346e-14
0.756,0.97123,-2.02101,0.0850051
0.757,0.971235,-2.00069,0.17001
0.758,0.97124,-1.98037,0.255015
0.759,0.971245,-1.96005,0.34002
0.76,0.971249,-1.93973,0.425025
0.761,0.971529,-1.85861,0.493434
0.762,0.971537,-1.77749,0.561844
0.763,0.971541,-1.69638,0.630253
0.764,0.971545,-1.61526,0.698662
0.765,0.971548,-1.53414,0.767071
0.766,0.971569,-1.39732,0.807629
0.767,0.971574,-1.26051,0.848188
0.768,0.971579,-1.12369,0.888747
0.769,0.971584,-0.986869,0.929305
0.77,0.971588,-0.850051,0.969864
0.771,0.971816,-0.680041,0.980024
0.772,0.971825,-0.510031,0.990184
0.773,0.971832,-0.34002,1.00034
0.774,0.971838,-0.17001,1.0105
0.775,0.971845,9.00692e-14,1.02066
0.776,0.971866,0.17001,1.00674
0.777,0.971871,0.34002,0.992821
0.778,0.971878,0.510031,0.978899
0.779,0.971885,0.680041,0.964978
0.78,0.971891,0.850051,0.951057
0.781,0.971911,0.986869,0.925183
0.782,0.971918,1.12369,0.89931
0.783,0.971925,1.26051,0.873437
0.784,0.971931,1.39732,0.847564
0.785,0.971936,1.53414,0.821691
0.786,0.971958,1.61526,0.796747
0.787,0.971963,1.69638,0.771803
0.788,0.971969,1.77749,0.746859
0.789,0.971973,1.85861,0.721914
0.79,0.971978,1.93973,0.69697
0.791,0.971997,1.96005,0.681478
0.792,0.972002,1.98037,0.665986
0.793,0.972007,2.00069,0.650494
0.794,0.972012,2.02101,0.635002
0.795,0.972016,2.04133,0.61951
0.796,0.972036,2.01348,0.614444
0.797,0.972041,1.98564,0.609377
0.798,0.972046,1.9578,0.604311
0.799,0.972051,1.92996,0.599244
0.8,0.972055,1.90211,0.594178
0.801,0.972074,1.85037,0.592899
0.802,0.972078,1.79862,0.591621
0.803,0.972083,1.74687,0.590342
0.804,0.972089,1.69513,0.589064
0.805,0.972093,1.64338,0.587785
0.806,0.97211,1.59349,0.57912
0.807,0.972115,1.54361,0.570455
0.808,0.97212,1.49372,0.56179
0.809,0.972125,1.44383,0.553125
0.81,0.972129,1.39394,0.54446
0.811,0.972214,1.36296,0.517698
0.812,0.972221,1.33197,0.490936
0.813,0.972228,1.30099,0.464174
0.814,0.972234,1.27,0.437412
0.815,0.972239,1.23902,0.41065
0.816,0.97226,1.22889,0.360517
0.817,0.972293,1.21875,0.310384
0.818,0.972318,1.20862,0.26025
0.819,0.972324,1.19849,0.210117
0.82,0.972329,1.18836,0.159984
0.821,0.972345,1.1858,0.0896292
0.822,0.97235,1.18324,0.0192746
0.823,0.972356,1.18068,-0.0510799
0.824,0.972388,1.17813,-0.121434
0.825,0.972392,1.17557,-0.191789
0.826,0.972414,1.15824,-0.270988
0.827,0.97242,1.14091,-0.350187
0.828,0.972425,1.12358,-0.429387
0.829,0.972431,1.10625,-0.508586
0.83,0.972437,1.08892,-0.587785
0.831,0.972525,1.0354,-0.659598
0.832,0.972531,0.981872,-0.731411
0.833,0.972536,0.928348,-0.803223
0.834,0.972541,0.874824,-0.875036
0.835,0.972545,0.8213,-0.946849
0.836,0.972558,0.721034,-0.995508
0.837,0.972562,0.620767,-1.04417
0.838,0.972567,0.520501,-1.09283
0.839,0.972572,0.420234,-1.14148
0.84,0.972577,0.319967,-1.19014
0.841,0.972604,0.179258,-1.20564
0.842,0.972609,0.0385493,-1.22113
0.843,0.972614,-0.10216,-1.23662
0.844,0.972619,-0.242869,-1.25211
0.845,0.972623,-0.383578,-1.2676
0.846,0.972642,-0.541976,-1.24896
0.847,0.972646,-0.700375,-1.23031
0.848,0.972651,-0.858773,-1.21166
0.849,0.972655,-1.01717,-1.19301
0.85,0.972659,-1.17557,-1.17436
0.851,0.972671,-1.3192,-1.1297
0.852,0.972675,-1.46282,-1.08504
0.853,0.97268,-1.60645,-1.04038
0.854,0.972684,-1.75007,-0.995718
0.855,0.972688,-1.8937,-0.951057
0.856,0.972711,-1.99102,-0.894444
0.857,0.972715,-2.08833,-0.837831
0.858,0.97272,-2.18565,-0.781218
0.859,0.972724,-2.28297,-0.724605
0.86,0.972728,-2.38029,-0.667992
0.861,0.972747,-2.41127,-0.61424
0.862,0.972752,-2.44226,-0.560487
0.863,0.972756,-2.47324,-0.506735
0.864,0.972762,-2.50422,-0.452983
0.865,0.972767,-2.53521,-0.39923
0.866,0.972801,-2.49791,-0.358671
0.867,0.972826,-2.46061,-0.318113
0.868,0.972832,-2.42332,-0.277554
0.869,0.972839,-2.38602,-0.236995
0.87,0.972844,-2.34872,-0.196437
0.871,0.972861,-2.2594,-0.17162
0.872,0.972868,-2.17008,-0.146804
0.873,0.972874,-2.08076,-0.121987
0.874,0.97288,-1.99144,-0.0971708
0.875,0.97292,-1.90211,-0.0723543
0.876,0.972938,-1.78889,-0.0578834
0.877,0.972944,-1.67566,-0.0434126
0.878,0.97297,-1.56244,-0.0289417
0.879,0.972976,-1.44921,-0.0144709
0.88,0.97298,-1.33598,6.32153e-15
0.881,0.973012,-1.22848,0.0144709
0.882,0.973017,-1.12097,0.0289417
0.883,0.973024,-1.01347,0.0434126
0.884,0.973104,-0.905965,0.0578834
0.885,0.97311,-0.79846,0.0723543
0.886,0.973183,-0.717343,0.0971708
0.887,0.973189,-0.636226,0.121987
0.888,0.973194,-0.555108,0.146804
0.889,0.973199,-0.473991,0.17162
0.89,0.973204,-0.392873,0.196437
0.891,0.973216,-0.34324,0.236995
0.892,0.973221,-0.293608,0.277554
0.893,0.973226,-0.243975,0.318113
0.894,0.973231,-0.194342,0.358671
0.895,0.973237,-0.144709,0.39923
0.896,0.973262,-0.115767,0.452983
0.897,0.973268,-0.0868252,0.506735
0.898,0.973274,-0.0578834,0.560487
0.899,0.97328,-0.0289417,0.61424
0.9,0.973286,1.26431e-14,0.667992
0.901,0.973308,0.0289417,0.724605
0.902,0.973314,0.0578834,0.781218
0.903,0.973319,0.0868252,0.837831
0.904,0.973325,0.115767,0.894444
0.905,0.973331,0.144709,0.951057
0.906,0.973344,0.194342,0.995718
0.907,0.97335,0.243975,1.04038
0.908,0.973358,0.293608,1.08504
0.909,0.973366,0.34324,1.1297
0.91,0.973372,0.392873,1.17436
0.911,0.973403,0.473991,1.19301
0.912,0.97341,0.555108,1.21166
0.913,0.973417,0.636226,1.23031
0.914,0.973449,0.717343,1.24896
0.915,0.973479,0.79846,1.2676
0.916,0.973522,0.905965,1.25211
0.917,0.973548,1.01347,1.23662
0.918,0.973554,1.12097,1.22113
0.919,0.973559,1.22848,1.20564
0.92,0.973563,1.33598,1.19014
0.921,0.973582,1.44921,1.14148
0.922,0.973587,1.56244,1.09283
0.923,0.973592,1.67566,1.04417
0.924,0.973596,1.78889,0.995508
0.925,0.9736,1.90211,0.946849
0.926,0.973625,1.99144,0.875036
0.927,0.973629,2.08076,0.803223
0.928,0.973634,2.17008,0.731411
0.929,0.973638,2.2594,0.659598
0.93,0.973642,2.34872,0.587785
0.931,0.97366,2.38602,0.508586
0.932,0.973665,2.42332,0.429387
0.933,0.973669,2.46061,0.350187
0.934,0.973674,2.49791,0.270988
0.935,0.973678,2.53521,0.191789
0.936,0.973696,2.50422,0.121434
0.937,0.973701,2.47324,0.0510799
0.938,0.973706,2.44226,-0.0192746
0.939,0.97371,2.41127,-0.0896292
0.94,0.973714,2.38029,-0.159984
0.941,0.973732,2.28297,-0.210117
0.942,0.973737,2.18565,-0.26025
0.943,0.973742,2.08833,-0.310384
0.944,0.973747,1.99102,-0.360517
0.945,0.97377,1.8937,-0.41065
0.946,0.974057,1.75007,-0.437412
0.947,0.974089,1.60645,-0.464174
0.948,0.974095,1.46282,-0.490936
0.949,0.974102,1.3192,-0.517698
0.95,0.974107,1.17557,-0.54446
0.951,0.974177,1.01717,-0.553125
0.952,0.974184,0.858773,-0.56179
0.953,0.974192,0.700375,-0.570455
0.954,0.974198,0.541976,-0.57912
0.955,0.974202,0.383578,-0.587785
0.956,0.974222,0.242869,-0.589064
0.957,0.974227,0.10216,-0.590342
0.958,0.974232,-0.0385493,-0.591621
0.959,0.974236,-0.179258,-0.592899
0.96,0.974241,-0.319967,-0.594178
0.961,0.974259,-0.420234,-0.599244
0.962,0.974264,-0.520501,-0.604311
0.963,0.974269,-0.620767,-0.609377
0.964,0.974274,-0.721034,-0.614444
0.965,0.974278,-0.8213,-0.61951
0.966,0.974297,-0.874824,-0.635002
0.967,0.974301,-0.928348,-0.650494
0.968,0.974306,-0.981872,-0.665986
0.969,0.974311,-1.0354,-0.681478
0.97,0.974315,-1.08892,-0.69697
0.971,0.974527,-1.10625,-0.721914
0.972,0.974533,-1.12358,-0.746859
0.973,0.974538,-1.14091,-0.771803
0.974,0.974545,-1.15824,-0.796747
0.975,0.974551,-1.17557,-0.821691
0.976,0.974572,-1.17813,-0.847564
0.977,0.974577,-1.18068,-0.873437
0.978,0.974586,-1.18324,-0.89931
0.979,0.974609,-1.1858,-0.925183
0.98,0.974614,-1.18836,-0.951057
0.981,0.974623,-1.19849,-0.964978
0.982,0.974626,-1.20862,-0.978899
0.983,0.97463,-1.21875,-0.992821
0.984,0.974633,-1.22889,-1.00674
0.985,0.974636,-1.23902,-1.02066
0.986,0.974649,-1.27,-1.0105
0.987,0.974656,-1.30099,-1.00034
0.988,0.974662,-1.33197,-0.990184
0.989,0.974665,-1.36296,-0.980024
